"source","plotNo","oatName","peaName"
"oatEntry 1","IL15-2064","24 g for 1 plots","AL"
"oatEntry 1","IL15-2064","24 g for 1 plots","IA"
"oatEntry 1","IL15-2064","24 g for 1 plots","IL"
"oatEntry 2","IL17-1704","48 g for 2 plots","IA"
"oatEntry 3","IL17-3125","48 g for 2 plots","AL"
"oatEntry 3","IL17-3125","24 g for 1 plots","IL"
"oatEntry 3","IL17-3125","24 g for 1 plots","ND"
"oatEntry 3","IL17-3125","72 g for 3 plots","NY"
"oatEntry 4","IL19-511","48 g for 2 plots","IA"
"oatEntry 4","IL19-511","48 g for 2 plots","IL"
"oatEntry 4","IL19-511","48 g for 2 plots","ND"
"oatEntry 4","IL19-511","24 g for 1 plots","NY"
"oatEntry 5","IL19-1222","24 g for 1 plots","AL"
"oatEntry 5","IL19-1222","48 g for 2 plots","IA"
"oatEntry 5","IL19-1222","48 g for 2 plots","IL"
"oatEntry 5","IL19-1222","48 g for 2 plots","ND"
"oatEntry 5","IL19-1222","24 g for 1 plots","NY"
"oatEntry 6","IL19-2033","48 g for 2 plots","AL"
"oatEntry 6","IL19-2033","48 g for 2 plots","IA"
"oatEntry 6","IL19-2033","24 g for 1 plots","IL"
"oatEntry 6","IL19-2033","48 g for 2 plots","ND"
"oatEntry 6","IL19-2033","24 g for 1 plots","NY"
"oatEntry 7","IL19-2673","24 g for 1 plots","AL"
"oatEntry 7","IL19-2673","24 g for 1 plots","IA"
"oatEntry 7","IL19-2673","48 g for 2 plots","IL"
"oatEntry 7","IL19-2673","24 g for 1 plots","ND"
"oatEntry 8","IL19-3618","24 g for 1 plots","AL"
"oatEntry 8","IL19-3618","48 g for 2 plots","IA"
"oatEntry 8","IL19-3618","48 g for 2 plots","IL"
"oatEntry 8","IL19-3618","48 g for 2 plots","ND"
"oatEntry 9","IL19-3661","24 g for 1 plots","AL"
"oatEntry 9","IL19-3661","24 g for 1 plots","IA"
"oatEntry 9","IL19-3661","24 g for 1 plots","IL"
"oatEntry 9","IL19-3661","24 g for 1 plots","ND"
"oatEntry 9","IL19-3661","24 g for 1 plots","NY"
"oatEntry 10","IL19-4556","48 g for 2 plots","AL"
"oatEntry 10","IL19-4556","96 g for 4 plots","IA"
"oatEntry 10","IL19-4556","72 g for 3 plots","ND"
"oatEntry 10","IL19-4556","72 g for 3 plots","NY"
"oatEntry 11","IL19-4877","48 g for 2 plots","AL"
"oatEntry 11","IL19-4877","72 g for 3 plots","IA"
"oatEntry 11","IL19-4877","24 g for 1 plots","IL"
"oatEntry 11","IL19-4877","48 g for 2 plots","ND"
"oatEntry 11","IL19-4877","24 g for 1 plots","NY"
"oatEntry 12","IL19-5332","24 g for 1 plots","IL"
"oatEntry 12","IL19-5332","24 g for 1 plots","ND"
"oatEntry 12","IL19-5332","24 g for 1 plots","NY"
"oatEntry 13","IL19-5336","24 g for 1 plots","AL"
"oatEntry 13","IL19-5336","24 g for 1 plots","IA"
"oatEntry 13","IL19-5336","72 g for 3 plots","ND"
"oatEntry 14","IL19-5467","48 g for 2 plots","IA"
"oatEntry 14","IL19-5467","72 g for 3 plots","ND"
"oatEntry 14","IL19-5467","48 g for 2 plots","NY"
"oatEntry 15","IL19-6345","72 g for 3 plots","AL"
"oatEntry 15","IL19-6345","24 g for 1 plots","IA"
"oatEntry 15","IL19-6345","24 g for 1 plots","IL"
"oatEntry 15","IL19-6345","72 g for 3 plots","ND"
"oatEntry 16","IL19-6406","48 g for 2 plots","IL"
"oatEntry 16","IL19-6406","24 g for 1 plots","ND"
"oatEntry 16","IL19-6406","24 g for 1 plots","NY"
"oatEntry 17","IL19-6432","24 g for 1 plots","AL"
"oatEntry 17","IL19-6432","48 g for 2 plots","IA"
"oatEntry 17","IL19-6432","48 g for 2 plots","IL"
"oatEntry 17","IL19-6432","24 g for 1 plots","ND"
"oatEntry 17","IL19-6432","72 g for 3 plots","NY"
"oatEntry 18","IL19-6920","48 g for 2 plots","IL"
"oatEntry 18","IL19-6920","48 g for 2 plots","ND"
"oatEntry 18","IL19-6920","72 g for 3 plots","NY"
"oatEntry 19","IL19-7048","24 g for 1 plots","AL"
"oatEntry 19","IL19-7048","24 g for 1 plots","IA"
"oatEntry 19","IL19-7048","24 g for 1 plots","IL"
"oatEntry 19","IL19-7048","48 g for 2 plots","ND"
"oatEntry 19","IL19-7048","24 g for 1 plots","NY"
"oatEntry 20","IL19-7058","48 g for 2 plots","AL"
"oatEntry 20","IL19-7058","24 g for 1 plots","IL"
"oatEntry 20","IL19-7058","24 g for 1 plots","ND"
"oatEntry 20","IL19-7058","24 g for 1 plots","NY"
"oatEntry 21","IL19-7063","48 g for 2 plots","AL"
"oatEntry 21","IL19-7063","72 g for 3 plots","ND"
"oatEntry 21","IL19-7063","72 g for 3 plots","NY"
"oatEntry 22","IL20-615","48 g for 2 plots","AL"
"oatEntry 22","IL20-615","24 g for 1 plots","IA"
"oatEntry 22","IL20-615","48 g for 2 plots","IL"
"oatEntry 22","IL20-615","24 g for 1 plots","ND"
"oatEntry 22","IL20-615","24 g for 1 plots","NY"
"oatEntry 23","IL20-618","48 g for 2 plots","AL"
"oatEntry 23","IL20-618","24 g for 1 plots","IA"
"oatEntry 23","IL20-618","96 g for 4 plots","IL"
"oatEntry 24","IL20-677","24 g for 1 plots","IA"
"oatEntry 24","IL20-677","24 g for 1 plots","IL"
"oatEntry 24","IL20-677","48 g for 2 plots","ND"
"oatEntry 25","IL20-746","24 g for 1 plots","AL"
"oatEntry 25","IL20-746","48 g for 2 plots","IA"
"oatEntry 25","IL20-746","24 g for 1 plots","IL"
"oatEntry 25","IL20-746","48 g for 2 plots","ND"
"oatEntry 25","IL20-746","72 g for 3 plots","NY"
"oatEntry 26","IL20-1037","48 g for 2 plots","IA"
"oatEntry 26","IL20-1037","48 g for 2 plots","IL"
"oatEntry 26","IL20-1037","24 g for 1 plots","ND"
"oatEntry 26","IL20-1037","48 g for 2 plots","NY"
"oatEntry 27","IL20-5913","24 g for 1 plots","AL"
"oatEntry 27","IL20-5913","24 g for 1 plots","IA"
"oatEntry 27","IL20-5913","48 g for 2 plots","IL"
"oatEntry 27","IL20-5913","72 g for 3 plots","ND"
"oatEntry 27","IL20-5913","24 g for 1 plots","NY"
"oatEntry 28","IL20-6928","48 g for 2 plots","AL"
"oatEntry 28","IL20-6928","120 g for 5 plots","IA"
"oatEntry 28","IL20-6928","24 g for 1 plots","IL"
"oatEntry 28","IL20-6928","48 g for 2 plots","ND"
"oatEntry 28","IL20-6928","48 g for 2 plots","NY"
"oatEntry 29","IL20-7727","24 g for 1 plots","IL"
"oatEntry 29","IL20-7727","72 g for 3 plots","ND"
"oatEntry 29","IL20-7727","48 g for 2 plots","NY"
"oatEntry 30","IL20-7841","24 g for 1 plots","AL"
"oatEntry 30","IL20-7841","72 g for 3 plots","IA"
"oatEntry 30","IL20-7841","72 g for 3 plots","IL"
"oatEntry 30","IL20-7841","24 g for 1 plots","ND"
"oatEntry 31","IL20-8320","48 g for 2 plots","AL"
"oatEntry 31","IL20-8320","24 g for 1 plots","IA"
"oatEntry 31","IL20-8320","24 g for 1 plots","IL"
"oatEntry 31","IL20-8320","48 g for 2 plots","NY"
"oatEntry 32","IL20-8446","24 g for 1 plots","AL"
"oatEntry 32","IL20-8446","96 g for 4 plots","IA"
"oatEntry 32","IL20-8446","24 g for 1 plots","IL"
"oatEntry 32","IL20-8446","96 g for 4 plots","ND"
"oatEntry 32","IL20-8446","24 g for 1 plots","NY"
"oatEntry 33","IL20-8456","24 g for 1 plots","AL"
"oatEntry 33","IL20-8456","24 g for 1 plots","IL"
"oatEntry 33","IL20-8456","120 g for 5 plots","ND"
"oatEntry 33","IL20-8456","48 g for 2 plots","NY"
"oatEntry 34","IL21-753","24 g for 1 plots","AL"
"oatEntry 34","IL21-753","72 g for 3 plots","IA"
"oatEntry 34","IL21-753","96 g for 4 plots","IL"
"oatEntry 34","IL21-753","24 g for 1 plots","ND"
"oatEntry 34","IL21-753","24 g for 1 plots","NY"
"oatEntry 35","IL21-3542","24 g for 1 plots","AL"
"oatEntry 35","IL21-3542","48 g for 2 plots","IA"
"oatEntry 35","IL21-3542","24 g for 1 plots","IL"
"oatEntry 35","IL21-3542","24 g for 1 plots","ND"
"oatEntry 35","IL21-3542","24 g for 1 plots","NY"
"oatEntry 36","IL21-4011","24 g for 1 plots","AL"
"oatEntry 36","IL21-4011","24 g for 1 plots","IA"
"oatEntry 36","IL21-4011","24 g for 1 plots","IL"
"oatEntry 36","IL21-4011","48 g for 2 plots","ND"
"oatEntry 36","IL21-4011","96 g for 4 plots","NY"
"oatEntry 37","IL21-4020","48 g for 2 plots","AL"
"oatEntry 37","IL21-4020","24 g for 1 plots","IA"
"oatEntry 37","IL21-4020","24 g for 1 plots","IL"
"oatEntry 37","IL21-4020","24 g for 1 plots","ND"
"oatEntry 37","IL21-4020","192 g for 8 plots","NY"
"oatEntry 38","IL21-4039","96 g for 4 plots","AL"
"oatEntry 38","IL21-4039","24 g for 1 plots","IA"
"oatEntry 38","IL21-4039","24 g for 1 plots","IL"
"oatEntry 39","IL21-4043","24 g for 1 plots","AL"
"oatEntry 39","IL21-4043","24 g for 1 plots","IA"
"oatEntry 39","IL21-4043","24 g for 1 plots","IL"
"oatEntry 39","IL21-4043","48 g for 2 plots","ND"
"oatEntry 40","IL21-4178","48 g for 2 plots","IA"
"oatEntry 40","IL21-4178","72 g for 3 plots","IL"
"oatEntry 40","IL21-4178","120 g for 5 plots","NY"
"oatEntry 41","IL21-4364","24 g for 1 plots","IL"
"oatEntry 41","IL21-4364","48 g for 2 plots","ND"
"oatEntry 41","IL21-4364","48 g for 2 plots","NY"
"oatEntry 42","IL21-5917","24 g for 1 plots","AL"
"oatEntry 42","IL21-5917","24 g for 1 plots","IA"
"oatEntry 42","IL21-5917","24 g for 1 plots","ND"
"oatEntry 42","IL21-5917","48 g for 2 plots","NY"
"oatEntry 43","IL21-5955","48 g for 2 plots","AL"
"oatEntry 43","IL21-5955","72 g for 3 plots","IA"
"oatEntry 43","IL21-5955","48 g for 2 plots","IL"
"oatEntry 43","IL21-5955","72 g for 3 plots","ND"
"oatEntry 43","IL21-5955","24 g for 1 plots","NY"
"oatEntry 44","IL21-5956","24 g for 1 plots","AL"
"oatEntry 44","IL21-5956","72 g for 3 plots","IA"
"oatEntry 44","IL21-5956","24 g for 1 plots","IL"
"oatEntry 44","IL21-5956","96 g for 4 plots","NY"
"oatEntry 45","IL21-6116","24 g for 1 plots","IA"
"oatEntry 45","IL21-6116","72 g for 3 plots","IL"
"oatEntry 45","IL21-6116","48 g for 2 plots","ND"
"oatEntry 45","IL21-6116","48 g for 2 plots","NY"
"oatEntry 46","IL21-6257","24 g for 1 plots","AL"
"oatEntry 46","IL21-6257","48 g for 2 plots","IA"
"oatEntry 46","IL21-6257","48 g for 2 plots","IL"
"oatEntry 46","IL21-6257","24 g for 1 plots","ND"
"oatEntry 46","IL21-6257","24 g for 1 plots","NY"
"oatEntry 47","IL21-7653","48 g for 2 plots","AL"
"oatEntry 47","IL21-7653","24 g for 1 plots","IA"
"oatEntry 47","IL21-7653","24 g for 1 plots","IL"
"oatEntry 47","IL21-7653","48 g for 2 plots","ND"
"oatEntry 47","IL21-7653","72 g for 3 plots","NY"
"oatEntry 48","IL21-7822","48 g for 2 plots","AL"
"oatEntry 48","IL21-7822","48 g for 2 plots","IA"
"oatEntry 48","IL21-7822","48 g for 2 plots","IL"
"oatEntry 48","IL21-7822","48 g for 2 plots","ND"
"oatEntry 48","IL21-7822","24 g for 1 plots","NY"
"oatEntry 49","IL21-8143","72 g for 3 plots","AL"
"oatEntry 49","IL21-8143","48 g for 2 plots","IA"
"oatEntry 49","IL21-8143","48 g for 2 plots","IL"
"oatEntry 49","IL21-8143","24 g for 1 plots","ND"
"oatEntry 49","IL21-8143","120 g for 5 plots","NY"
"oatEntry 50","IL22-251","24 g for 1 plots","AL"
"oatEntry 50","IL22-251","24 g for 1 plots","IA"
"oatEntry 50","IL22-251","48 g for 2 plots","IL"
"oatEntry 51","IL22-948","24 g for 1 plots","IA"
"oatEntry 51","IL22-948","48 g for 2 plots","IL"
"oatEntry 51","IL22-948","24 g for 1 plots","ND"
"oatEntry 51","IL22-948","48 g for 2 plots","NY"
"oatEntry 52","IL22-1019","24 g for 1 plots","AL"
"oatEntry 52","IL22-1019","48 g for 2 plots","IA"
"oatEntry 52","IL22-1019","24 g for 1 plots","IL"
"oatEntry 52","IL22-1019","48 g for 2 plots","ND"
"oatEntry 52","IL22-1019","24 g for 1 plots","NY"
"oatEntry 53","IL22-1256","24 g for 1 plots","AL"
"oatEntry 53","IL22-1256","48 g for 2 plots","IA"
"oatEntry 53","IL22-1256","24 g for 1 plots","IL"
"oatEntry 53","IL22-1256","48 g for 2 plots","ND"
"oatEntry 53","IL22-1256","24 g for 1 plots","NY"
"oatEntry 54","IL22-1423","48 g for 2 plots","AL"
"oatEntry 54","IL22-1423","24 g for 1 plots","IA"
"oatEntry 54","IL22-1423","24 g for 1 plots","IL"
"oatEntry 54","IL22-1423","48 g for 2 plots","ND"
"oatEntry 54","IL22-1423","24 g for 1 plots","NY"
"oatEntry 55","IL22-1939","24 g for 1 plots","AL"
"oatEntry 55","IL22-1939","24 g for 1 plots","IA"
"oatEntry 55","IL22-1939","48 g for 2 plots","IL"
"oatEntry 55","IL22-1939","48 g for 2 plots","ND"
"oatEntry 55","IL22-1939","24 g for 1 plots","NY"
"oatEntry 56","IL22-2231","24 g for 1 plots","IA"
"oatEntry 56","IL22-2231","72 g for 3 plots","IL"
"oatEntry 56","IL22-2231","24 g for 1 plots","NY"
"oatEntry 57","IL22-2250","72 g for 3 plots","AL"
"oatEntry 57","IL22-2250","24 g for 1 plots","ND"
"oatEntry 57","IL22-2250","24 g for 1 plots","NY"
"oatEntry 58","IL22-2362","72 g for 3 plots","ND"
"oatEntry 58","IL22-2362","48 g for 2 plots","NY"
"oatEntry 59","IL22-2364","48 g for 2 plots","AL"
"oatEntry 59","IL22-2364","72 g for 3 plots","IA"
"oatEntry 59","IL22-2364","24 g for 1 plots","NY"
"oatEntry 60","IL22-2662","48 g for 2 plots","IA"
"oatEntry 60","IL22-2662","48 g for 2 plots","IL"
"oatEntry 60","IL22-2662","72 g for 3 plots","ND"
"oatEntry 61","IL22-2850","24 g for 1 plots","IA"
"oatEntry 61","IL22-2850","48 g for 2 plots","NY"
"oatEntry 62","IL22-2961","24 g for 1 plots","IA"
"oatEntry 62","IL22-2961","48 g for 2 plots","IL"
"oatEntry 63","IL22-3146","48 g for 2 plots","AL"
"oatEntry 63","IL22-3146","48 g for 2 plots","IL"
"oatEntry 63","IL22-3146","96 g for 4 plots","ND"
"oatEntry 63","IL22-3146","96 g for 4 plots","NY"
"oatEntry 64","IL22-3262","24 g for 1 plots","IA"
"oatEntry 64","IL22-3262","48 g for 2 plots","IL"
"oatEntry 64","IL22-3262","24 g for 1 plots","ND"
"oatEntry 64","IL22-3262","24 g for 1 plots","NY"
"oatEntry 65","IL22-3365","24 g for 1 plots","AL"
"oatEntry 65","IL22-3365","48 g for 2 plots","IA"
"oatEntry 65","IL22-3365","72 g for 3 plots","IL"
"oatEntry 66","IL22-3958","120 g for 5 plots","AL"
"oatEntry 66","IL22-3958","24 g for 1 plots","IA"
"oatEntry 66","IL22-3958","24 g for 1 plots","IL"
"oatEntry 66","IL22-3958","24 g for 1 plots","ND"
"oatEntry 66","IL22-3958","24 g for 1 plots","NY"
"oatEntry 67","IL22-4050","48 g for 2 plots","IL"
"oatEntry 67","IL22-4050","48 g for 2 plots","ND"
"oatEntry 68","IL22-4169","24 g for 1 plots","AL"
"oatEntry 68","IL22-4169","48 g for 2 plots","IA"
"oatEntry 68","IL22-4169","24 g for 1 plots","IL"
"oatEntry 68","IL22-4169","48 g for 2 plots","ND"
"oatEntry 68","IL22-4169","72 g for 3 plots","NY"
"oatEntry 69","IL22-4235","24 g for 1 plots","AL"
"oatEntry 69","IL22-4235","24 g for 1 plots","IA"
"oatEntry 69","IL22-4235","24 g for 1 plots","IL"
"oatEntry 69","IL22-4235","48 g for 2 plots","ND"
"oatEntry 69","IL22-4235","48 g for 2 plots","NY"
"oatEntry 70","IL22-4325","24 g for 1 plots","AL"
"oatEntry 70","IL22-4325","48 g for 2 plots","IL"
"oatEntry 70","IL22-4325","24 g for 1 plots","ND"
"oatEntry 70","IL22-4325","24 g for 1 plots","NY"
"oatEntry 71","IL22-4432","48 g for 2 plots","ND"
"oatEntry 71","IL22-4432","48 g for 2 plots","NY"
"oatEntry 72","IL22-4459","24 g for 1 plots","AL"
"oatEntry 72","IL22-4459","24 g for 1 plots","IA"
"oatEntry 72","IL22-4459","24 g for 1 plots","IL"
"oatEntry 72","IL22-4459","24 g for 1 plots","ND"
"oatEntry 72","IL22-4459","96 g for 4 plots","NY"
"oatEntry 73","IL22-4548","72 g for 3 plots","AL"
"oatEntry 73","IL22-4548","48 g for 2 plots","IL"
"oatEntry 73","IL22-4548","96 g for 4 plots","ND"
"oatEntry 73","IL22-4548","48 g for 2 plots","NY"
"oatEntry 74","IL22-4714","72 g for 3 plots","AL"
"oatEntry 74","IL22-4714","48 g for 2 plots","IL"
"oatEntry 74","IL22-4714","48 g for 2 plots","ND"
"oatEntry 74","IL22-4714","24 g for 1 plots","NY"
"oatEntry 75","IL22-5070","24 g for 1 plots","AL"
"oatEntry 75","IL22-5070","24 g for 1 plots","IL"
"oatEntry 75","IL22-5070","72 g for 3 plots","ND"
"oatEntry 75","IL22-5070","24 g for 1 plots","NY"
"oatEntry 76","IL22-5335","48 g for 2 plots","AL"
"oatEntry 76","IL22-5335","24 g for 1 plots","IL"
"oatEntry 76","IL22-5335","24 g for 1 plots","ND"
"oatEntry 77","IL22-5365","48 g for 2 plots","AL"
"oatEntry 77","IL22-5365","96 g for 4 plots","IA"
"oatEntry 77","IL22-5365","48 g for 2 plots","IL"
"oatEntry 77","IL22-5365","72 g for 3 plots","ND"
"oatEntry 77","IL22-5365","96 g for 4 plots","NY"
"oatEntry 78","IL22-5830","72 g for 3 plots","AL"
"oatEntry 78","IL22-5830","24 g for 1 plots","ND"
"oatEntry 79","IL22-6261","24 g for 1 plots","ND"
"oatEntry 79","IL22-6261","96 g for 4 plots","NY"
"oatEntry 80","IL22-6264","24 g for 1 plots","AL"
"oatEntry 80","IL22-6264","24 g for 1 plots","IA"
"oatEntry 80","IL22-6264","24 g for 1 plots","IL"
"oatEntry 80","IL22-6264","72 g for 3 plots","NY"
"oatEntry 81","IL23-236","48 g for 2 plots","AL"
"oatEntry 81","IL23-236","24 g for 1 plots","IA"
"oatEntry 81","IL23-236","24 g for 1 plots","ND"
"oatEntry 81","IL23-236","72 g for 3 plots","NY"
"oatEntry 82","IL23-247","48 g for 2 plots","AL"
"oatEntry 82","IL23-247","120 g for 5 plots","IA"
"oatEntry 82","IL23-247","72 g for 3 plots","IL"
"oatEntry 82","IL23-247","48 g for 2 plots","ND"
"oatEntry 82","IL23-247","24 g for 1 plots","NY"
"oatEntry 83","IL23-250","24 g for 1 plots","AL"
"oatEntry 83","IL23-250","48 g for 2 plots","IA"
"oatEntry 83","IL23-250","72 g for 3 plots","IL"
"oatEntry 83","IL23-250","48 g for 2 plots","ND"
"oatEntry 83","IL23-250","48 g for 2 plots","NY"
"oatEntry 84","IL23-251","72 g for 3 plots","AL"
"oatEntry 84","IL23-251","48 g for 2 plots","IA"
"oatEntry 84","IL23-251","72 g for 3 plots","ND"
"oatEntry 85","IL23-259","24 g for 1 plots","AL"
"oatEntry 85","IL23-259","96 g for 4 plots","IA"
"oatEntry 85","IL23-259","24 g for 1 plots","IL"
"oatEntry 85","IL23-259","72 g for 3 plots","ND"
"oatEntry 85","IL23-259","144 g for 6 plots","NY"
"oatEntry 86","IL23-260","96 g for 4 plots","AL"
"oatEntry 86","IL23-260","48 g for 2 plots","IA"
"oatEntry 86","IL23-260","48 g for 2 plots","ND"
"oatEntry 86","IL23-260","24 g for 1 plots","NY"
"oatEntry 87","IL23-267","24 g for 1 plots","AL"
"oatEntry 87","IL23-267","48 g for 2 plots","IA"
"oatEntry 87","IL23-267","24 g for 1 plots","IL"
"oatEntry 87","IL23-267","24 g for 1 plots","NY"
"oatEntry 88","IL23-268","96 g for 4 plots","AL"
"oatEntry 88","IL23-268","48 g for 2 plots","IA"
"oatEntry 88","IL23-268","24 g for 1 plots","IL"
"oatEntry 88","IL23-268","72 g for 3 plots","ND"
"oatEntry 89","IL23-271","24 g for 1 plots","AL"
"oatEntry 89","IL23-271","48 g for 2 plots","IA"
"oatEntry 89","IL23-271","72 g for 3 plots","IL"
"oatEntry 89","IL23-271","72 g for 3 plots","ND"
"oatEntry 89","IL23-271","48 g for 2 plots","NY"
"oatEntry 90","IL23-360","24 g for 1 plots","AL"
"oatEntry 90","IL23-360","72 g for 3 plots","IL"
"oatEntry 90","IL23-360","72 g for 3 plots","ND"
"oatEntry 90","IL23-360","72 g for 3 plots","NY"
"oatEntry 91","IL23-376","72 g for 3 plots","AL"
"oatEntry 91","IL23-376","24 g for 1 plots","IL"
"oatEntry 91","IL23-376","72 g for 3 plots","ND"
"oatEntry 91","IL23-376","48 g for 2 plots","NY"
"oatEntry 92","IL23-377","24 g for 1 plots","AL"
"oatEntry 92","IL23-377","24 g for 1 plots","IA"
"oatEntry 92","IL23-377","48 g for 2 plots","IL"
"oatEntry 92","IL23-377","72 g for 3 plots","ND"
"oatEntry 92","IL23-377","24 g for 1 plots","NY"
"oatEntry 93","IL23-415","48 g for 2 plots","AL"
"oatEntry 93","IL23-415","24 g for 1 plots","IA"
"oatEntry 93","IL23-415","24 g for 1 plots","IL"
"oatEntry 93","IL23-415","72 g for 3 plots","ND"
"oatEntry 93","IL23-415","72 g for 3 plots","NY"
"oatEntry 94","IL23-418","24 g for 1 plots","IL"
"oatEntry 95","IL23-422","24 g for 1 plots","IA"
"oatEntry 95","IL23-422","72 g for 3 plots","IL"
"oatEntry 95","IL23-422","72 g for 3 plots","NY"
"oatEntry 96","IL23-423","96 g for 4 plots","AL"
"oatEntry 96","IL23-423","48 g for 2 plots","IA"
"oatEntry 96","IL23-423","24 g for 1 plots","IL"
"oatEntry 96","IL23-423","48 g for 2 plots","ND"
"oatEntry 96","IL23-423","24 g for 1 plots","NY"
"oatEntry 97","IL23-445","72 g for 3 plots","IA"
"oatEntry 97","IL23-445","48 g for 2 plots","IL"
"oatEntry 97","IL23-445","24 g for 1 plots","ND"
"oatEntry 97","IL23-445","48 g for 2 plots","NY"
"oatEntry 98","IL23-453","48 g for 2 plots","AL"
"oatEntry 98","IL23-453","24 g for 1 plots","IA"
"oatEntry 98","IL23-453","24 g for 1 plots","IL"
"oatEntry 99","IL23-475","48 g for 2 plots","AL"
"oatEntry 99","IL23-475","72 g for 3 plots","IL"
"oatEntry 99","IL23-475","48 g for 2 plots","NY"
"oatEntry 100","IL23-509","24 g for 1 plots","IA"
"oatEntry 100","IL23-509","48 g for 2 plots","IL"
"oatEntry 100","IL23-509","24 g for 1 plots","NY"
"oatEntry 101","IL23-512","72 g for 3 plots","AL"
"oatEntry 101","IL23-512","24 g for 1 plots","IA"
"oatEntry 101","IL23-512","72 g for 3 plots","IL"
"oatEntry 101","IL23-512","24 g for 1 plots","ND"
"oatEntry 101","IL23-512","96 g for 4 plots","NY"
"oatEntry 102","IL23-524","144 g for 6 plots","AL"
"oatEntry 102","IL23-524","72 g for 3 plots","IA"
"oatEntry 102","IL23-524","72 g for 3 plots","IL"
"oatEntry 102","IL23-524","48 g for 2 plots","ND"
"oatEntry 102","IL23-524","144 g for 6 plots","NY"
"oatEntry 103","IL23-543","72 g for 3 plots","AL"
"oatEntry 103","IL23-543","24 g for 1 plots","IA"
"oatEntry 103","IL23-543","48 g for 2 plots","IL"
"oatEntry 103","IL23-543","48 g for 2 plots","ND"
"oatEntry 103","IL23-543","24 g for 1 plots","NY"
"oatEntry 104","IL23-551","48 g for 2 plots","AL"
"oatEntry 104","IL23-551","24 g for 1 plots","IA"
"oatEntry 104","IL23-551","24 g for 1 plots","IL"
"oatEntry 104","IL23-551","48 g for 2 plots","ND"
"oatEntry 104","IL23-551","48 g for 2 plots","NY"
"oatEntry 105","IL23-558","24 g for 1 plots","AL"
"oatEntry 105","IL23-558","48 g for 2 plots","IA"
"oatEntry 105","IL23-558","48 g for 2 plots","IL"
"oatEntry 105","IL23-558","48 g for 2 plots","ND"
"oatEntry 105","IL23-558","48 g for 2 plots","NY"
"oatEntry 106","IL23-612","120 g for 5 plots","AL"
"oatEntry 106","IL23-612","96 g for 4 plots","IA"
"oatEntry 106","IL23-612","48 g for 2 plots","NY"
"oatEntry 107","IL23-621","24 g for 1 plots","AL"
"oatEntry 107","IL23-621","72 g for 3 plots","IA"
"oatEntry 107","IL23-621","48 g for 2 plots","IL"
"oatEntry 107","IL23-621","72 g for 3 plots","ND"
"oatEntry 107","IL23-621","24 g for 1 plots","NY"
"oatEntry 108","IL23-652","48 g for 2 plots","AL"
"oatEntry 108","IL23-652","72 g for 3 plots","IA"
"oatEntry 108","IL23-652","24 g for 1 plots","IL"
"oatEntry 109","IL23-660","24 g for 1 plots","AL"
"oatEntry 109","IL23-660","120 g for 5 plots","IA"
"oatEntry 109","IL23-660","24 g for 1 plots","IL"
"oatEntry 109","IL23-660","24 g for 1 plots","ND"
"oatEntry 109","IL23-660","24 g for 1 plots","NY"
"oatEntry 110","IL23-661","24 g for 1 plots","IA"
"oatEntry 110","IL23-661","24 g for 1 plots","IL"
"oatEntry 110","IL23-661","24 g for 1 plots","ND"
"oatEntry 110","IL23-661","24 g for 1 plots","NY"
"oatEntry 111","IL23-669","24 g for 1 plots","AL"
"oatEntry 111","IL23-669","24 g for 1 plots","IA"
"oatEntry 111","IL23-669","96 g for 4 plots","IL"
"oatEntry 111","IL23-669","24 g for 1 plots","ND"
"oatEntry 111","IL23-669","96 g for 4 plots","NY"
"oatEntry 112","IL23-723","48 g for 2 plots","AL"
"oatEntry 112","IL23-723","24 g for 1 plots","IA"
"oatEntry 112","IL23-723","48 g for 2 plots","IL"
"oatEntry 112","IL23-723","24 g for 1 plots","ND"
"oatEntry 112","IL23-723","48 g for 2 plots","NY"
"oatEntry 113","IL23-739","120 g for 5 plots","AL"
"oatEntry 113","IL23-739","96 g for 4 plots","IA"
"oatEntry 113","IL23-739","24 g for 1 plots","ND"
"oatEntry 113","IL23-739","24 g for 1 plots","NY"
"oatEntry 114","IL23-763","72 g for 3 plots","IA"
"oatEntry 114","IL23-763","48 g for 2 plots","IL"
"oatEntry 114","IL23-763","72 g for 3 plots","ND"
"oatEntry 114","IL23-763","48 g for 2 plots","NY"
"oatEntry 115","IL23-771","48 g for 2 plots","AL"
"oatEntry 115","IL23-771","24 g for 1 plots","IA"
"oatEntry 115","IL23-771","24 g for 1 plots","IL"
"oatEntry 115","IL23-771","72 g for 3 plots","ND"
"oatEntry 115","IL23-771","48 g for 2 plots","NY"
"oatEntry 116","IL23-810","72 g for 3 plots","AL"
"oatEntry 116","IL23-810","72 g for 3 plots","IL"
"oatEntry 116","IL23-810","48 g for 2 plots","ND"
"oatEntry 117","IL23-875","48 g for 2 plots","AL"
"oatEntry 117","IL23-875","48 g for 2 plots","IL"
"oatEntry 117","IL23-875","72 g for 3 plots","ND"
"oatEntry 117","IL23-875","24 g for 1 plots","NY"
"oatEntry 118","IL23-906","24 g for 1 plots","AL"
"oatEntry 118","IL23-906","24 g for 1 plots","IA"
"oatEntry 118","IL23-906","24 g for 1 plots","ND"
"oatEntry 118","IL23-906","24 g for 1 plots","NY"
"oatEntry 119","IL23-907","48 g for 2 plots","AL"
"oatEntry 119","IL23-907","48 g for 2 plots","IL"
"oatEntry 120","IL23-911","48 g for 2 plots","IA"
"oatEntry 120","IL23-911","24 g for 1 plots","IL"
"oatEntry 120","IL23-911","24 g for 1 plots","ND"
"oatEntry 121","IL23-913","24 g for 1 plots","AL"
"oatEntry 121","IL23-913","24 g for 1 plots","IL"
"oatEntry 121","IL23-913","24 g for 1 plots","ND"
"oatEntry 121","IL23-913","48 g for 2 plots","NY"
"oatEntry 122","IL23-923","72 g for 3 plots","AL"
"oatEntry 122","IL23-923","24 g for 1 plots","IA"
"oatEntry 122","IL23-923","72 g for 3 plots","IL"
"oatEntry 122","IL23-923","24 g for 1 plots","ND"
"oatEntry 122","IL23-923","48 g for 2 plots","NY"
"oatEntry 123","IL23-939","48 g for 2 plots","IA"
"oatEntry 123","IL23-939","48 g for 2 plots","IL"
"oatEntry 123","IL23-939","48 g for 2 plots","ND"
"oatEntry 123","IL23-939","24 g for 1 plots","NY"
"oatEntry 124","IL23-943","48 g for 2 plots","AL"
"oatEntry 124","IL23-943","24 g for 1 plots","IA"
"oatEntry 124","IL23-943","48 g for 2 plots","IL"
"oatEntry 124","IL23-943","48 g for 2 plots","ND"
"oatEntry 124","IL23-943","48 g for 2 plots","NY"
"oatEntry 125","IL23-951","48 g for 2 plots","AL"
"oatEntry 125","IL23-951","96 g for 4 plots","IA"
"oatEntry 125","IL23-951","120 g for 5 plots","IL"
"oatEntry 125","IL23-951","48 g for 2 plots","ND"
"oatEntry 125","IL23-951","48 g for 2 plots","NY"
"oatEntry 126","IL23-957","48 g for 2 plots","IA"
"oatEntry 126","IL23-957","24 g for 1 plots","IL"
"oatEntry 126","IL23-957","72 g for 3 plots","ND"
"oatEntry 126","IL23-957","24 g for 1 plots","NY"
"oatEntry 127","IL23-959","72 g for 3 plots","AL"
"oatEntry 127","IL23-959","24 g for 1 plots","IA"
"oatEntry 128","IL23-963","24 g for 1 plots","AL"
"oatEntry 128","IL23-963","48 g for 2 plots","IA"
"oatEntry 128","IL23-963","24 g for 1 plots","IL"
"oatEntry 128","IL23-963","48 g for 2 plots","ND"
"oatEntry 128","IL23-963","96 g for 4 plots","NY"
"oatEntry 129","IL23-965","24 g for 1 plots","AL"
"oatEntry 129","IL23-965","24 g for 1 plots","IA"
"oatEntry 129","IL23-965","24 g for 1 plots","IL"
"oatEntry 129","IL23-965","24 g for 1 plots","ND"
"oatEntry 129","IL23-965","24 g for 1 plots","NY"
"oatEntry 130","IL23-971","48 g for 2 plots","AL"
"oatEntry 130","IL23-971","96 g for 4 plots","IA"
"oatEntry 130","IL23-971","96 g for 4 plots","IL"
"oatEntry 130","IL23-971","24 g for 1 plots","ND"
"oatEntry 130","IL23-971","96 g for 4 plots","NY"
"oatEntry 131","IL23-1037","72 g for 3 plots","IA"
"oatEntry 131","IL23-1037","48 g for 2 plots","IL"
"oatEntry 131","IL23-1037","24 g for 1 plots","NY"
"oatEntry 132","IL23-1115","72 g for 3 plots","AL"
"oatEntry 132","IL23-1115","24 g for 1 plots","IA"
"oatEntry 132","IL23-1115","24 g for 1 plots","IL"
"oatEntry 132","IL23-1115","24 g for 1 plots","NY"
"oatEntry 133","IL23-1129","24 g for 1 plots","AL"
"oatEntry 133","IL23-1129","24 g for 1 plots","NY"
"oatEntry 134","IL23-1163","48 g for 2 plots","IA"
"oatEntry 134","IL23-1163","24 g for 1 plots","ND"
"oatEntry 134","IL23-1163","24 g for 1 plots","NY"
"oatEntry 135","IL23-1165","48 g for 2 plots","AL"
"oatEntry 135","IL23-1165","72 g for 3 plots","IA"
"oatEntry 135","IL23-1165","96 g for 4 plots","ND"
"oatEntry 135","IL23-1165","24 g for 1 plots","NY"
"oatEntry 136","IL23-1206","96 g for 4 plots","AL"
"oatEntry 136","IL23-1206","72 g for 3 plots","IL"
"oatEntry 136","IL23-1206","24 g for 1 plots","ND"
"oatEntry 136","IL23-1206","48 g for 2 plots","NY"
"oatEntry 137","IL23-1209","48 g for 2 plots","AL"
"oatEntry 137","IL23-1209","48 g for 2 plots","IA"
"oatEntry 137","IL23-1209","72 g for 3 plots","IL"
"oatEntry 137","IL23-1209","24 g for 1 plots","ND"
"oatEntry 137","IL23-1209","96 g for 4 plots","NY"
"oatEntry 138","IL23-1225","24 g for 1 plots","IA"
"oatEntry 138","IL23-1225","48 g for 2 plots","IL"
"oatEntry 138","IL23-1225","24 g for 1 plots","ND"
"oatEntry 139","IL23-1228","72 g for 3 plots","AL"
"oatEntry 139","IL23-1228","96 g for 4 plots","IA"
"oatEntry 139","IL23-1228","24 g for 1 plots","IL"
"oatEntry 139","IL23-1228","48 g for 2 plots","NY"
"oatEntry 140","IL23-1236","24 g for 1 plots","IA"
"oatEntry 140","IL23-1236","48 g for 2 plots","IL"
"oatEntry 140","IL23-1236","48 g for 2 plots","NY"
"oatEntry 141","IL23-1259","48 g for 2 plots","AL"
"oatEntry 141","IL23-1259","24 g for 1 plots","IA"
"oatEntry 141","IL23-1259","24 g for 1 plots","ND"
"oatEntry 142","IL23-1348","48 g for 2 plots","AL"
"oatEntry 142","IL23-1348","48 g for 2 plots","ND"
"oatEntry 142","IL23-1348","72 g for 3 plots","NY"
"oatEntry 143","IL23-1358","24 g for 1 plots","AL"
"oatEntry 143","IL23-1358","24 g for 1 plots","IL"
"oatEntry 144","IL23-1364","24 g for 1 plots","IA"
"oatEntry 144","IL23-1364","72 g for 3 plots","NY"
"oatEntry 145","IL23-1409","24 g for 1 plots","AL"
"oatEntry 145","IL23-1409","24 g for 1 plots","ND"
"oatEntry 145","IL23-1409","48 g for 2 plots","NY"
"oatEntry 146","IL23-1410","96 g for 4 plots","AL"
"oatEntry 146","IL23-1410","24 g for 1 plots","IA"
"oatEntry 146","IL23-1410","24 g for 1 plots","IL"
"oatEntry 146","IL23-1410","72 g for 3 plots","ND"
"oatEntry 147","IL23-1413","24 g for 1 plots","IA"
"oatEntry 147","IL23-1413","24 g for 1 plots","IL"
"oatEntry 148","IL23-1414","48 g for 2 plots","IA"
"oatEntry 148","IL23-1414","24 g for 1 plots","ND"
"oatEntry 148","IL23-1414","48 g for 2 plots","NY"
"oatEntry 149","IL23-1421","24 g for 1 plots","IA"
"oatEntry 149","IL23-1421","48 g for 2 plots","IL"
"oatEntry 149","IL23-1421","48 g for 2 plots","ND"
"oatEntry 149","IL23-1421","24 g for 1 plots","NY"
"oatEntry 150","IL23-1422","72 g for 3 plots","IA"
"oatEntry 150","IL23-1422","48 g for 2 plots","ND"
"oatEntry 150","IL23-1422","24 g for 1 plots","NY"
"oatEntry 151","IL23-1423","48 g for 2 plots","AL"
"oatEntry 151","IL23-1423","24 g for 1 plots","IA"
"oatEntry 151","IL23-1423","72 g for 3 plots","IL"
"oatEntry 151","IL23-1423","24 g for 1 plots","ND"
"oatEntry 151","IL23-1423","24 g for 1 plots","NY"
"oatEntry 152","IL23-1424","24 g for 1 plots","AL"
"oatEntry 152","IL23-1424","24 g for 1 plots","IA"
"oatEntry 152","IL23-1424","48 g for 2 plots","ND"
"oatEntry 153","IL23-1431","48 g for 2 plots","AL"
"oatEntry 153","IL23-1431","48 g for 2 plots","IL"
"oatEntry 154","IL23-1432","72 g for 3 plots","ND"
"oatEntry 154","IL23-1432","24 g for 1 plots","NY"
"oatEntry 155","IL23-1450","72 g for 3 plots","AL"
"oatEntry 155","IL23-1450","144 g for 6 plots","IA"
"oatEntry 155","IL23-1450","24 g for 1 plots","IL"
"oatEntry 155","IL23-1450","48 g for 2 plots","ND"
"oatEntry 156","IL23-1459","72 g for 3 plots","AL"
"oatEntry 156","IL23-1459","24 g for 1 plots","IL"
"oatEntry 156","IL23-1459","48 g for 2 plots","ND"
"oatEntry 157","IL23-1462","24 g for 1 plots","AL"
"oatEntry 157","IL23-1462","72 g for 3 plots","IA"
"oatEntry 157","IL23-1462","120 g for 5 plots","IL"
"oatEntry 157","IL23-1462","24 g for 1 plots","ND"
"oatEntry 157","IL23-1462","24 g for 1 plots","NY"
"oatEntry 158","IL23-1531","48 g for 2 plots","IA"
"oatEntry 158","IL23-1531","24 g for 1 plots","IL"
"oatEntry 158","IL23-1531","24 g for 1 plots","ND"
"oatEntry 159","IL23-1547","24 g for 1 plots","AL"
"oatEntry 159","IL23-1547","48 g for 2 plots","IA"
"oatEntry 159","IL23-1547","24 g for 1 plots","IL"
"oatEntry 159","IL23-1547","96 g for 4 plots","ND"
"oatEntry 159","IL23-1547","48 g for 2 plots","NY"
"oatEntry 160","IL23-1556","24 g for 1 plots","AL"
"oatEntry 160","IL23-1556","48 g for 2 plots","IA"
"oatEntry 160","IL23-1556","48 g for 2 plots","IL"
"oatEntry 160","IL23-1556","24 g for 1 plots","NY"
"oatEntry 161","IL23-1608","96 g for 4 plots","AL"
"oatEntry 161","IL23-1608","96 g for 4 plots","IA"
"oatEntry 161","IL23-1608","24 g for 1 plots","IL"
"oatEntry 161","IL23-1608","48 g for 2 plots","ND"
"oatEntry 161","IL23-1608","72 g for 3 plots","NY"
"oatEntry 162","IL23-1610","24 g for 1 plots","AL"
"oatEntry 162","IL23-1610","72 g for 3 plots","IA"
"oatEntry 162","IL23-1610","24 g for 1 plots","IL"
"oatEntry 162","IL23-1610","48 g for 2 plots","ND"
"oatEntry 162","IL23-1610","24 g for 1 plots","NY"
"oatEntry 163","IL23-1613","48 g for 2 plots","AL"
"oatEntry 163","IL23-1613","72 g for 3 plots","IA"
"oatEntry 163","IL23-1613","48 g for 2 plots","IL"
"oatEntry 163","IL23-1613","72 g for 3 plots","ND"
"oatEntry 163","IL23-1613","24 g for 1 plots","NY"
"oatEntry 164","IL23-1614","72 g for 3 plots","IA"
"oatEntry 164","IL23-1614","24 g for 1 plots","IL"
"oatEntry 164","IL23-1614","24 g for 1 plots","ND"
"oatEntry 164","IL23-1614","72 g for 3 plots","NY"
"oatEntry 165","IL23-1617","96 g for 4 plots","AL"
"oatEntry 165","IL23-1617","24 g for 1 plots","ND"
"oatEntry 165","IL23-1617","24 g for 1 plots","NY"
"oatEntry 166","IL23-1619","48 g for 2 plots","AL"
"oatEntry 166","IL23-1619","120 g for 5 plots","IL"
"oatEntry 166","IL23-1619","24 g for 1 plots","ND"
"oatEntry 166","IL23-1619","96 g for 4 plots","NY"
"oatEntry 167","IL23-1621","72 g for 3 plots","AL"
"oatEntry 167","IL23-1621","48 g for 2 plots","IL"
"oatEntry 167","IL23-1621","24 g for 1 plots","ND"
"oatEntry 167","IL23-1621","24 g for 1 plots","NY"
"oatEntry 168","IL23-1623","72 g for 3 plots","AL"
"oatEntry 168","IL23-1623","48 g for 2 plots","IA"
"oatEntry 168","IL23-1623","24 g for 1 plots","IL"
"oatEntry 168","IL23-1623","48 g for 2 plots","ND"
"oatEntry 168","IL23-1623","48 g for 2 plots","NY"
"oatEntry 169","IL23-1628","48 g for 2 plots","AL"
"oatEntry 169","IL23-1628","24 g for 1 plots","IA"
"oatEntry 169","IL23-1628","48 g for 2 plots","IL"
"oatEntry 169","IL23-1628","24 g for 1 plots","NY"
"oatEntry 170","IL23-1631","24 g for 1 plots","AL"
"oatEntry 170","IL23-1631","24 g for 1 plots","IA"
"oatEntry 170","IL23-1631","72 g for 3 plots","IL"
"oatEntry 170","IL23-1631","24 g for 1 plots","NY"
"oatEntry 171","IL23-1632","72 g for 3 plots","AL"
"oatEntry 171","IL23-1632","24 g for 1 plots","IA"
"oatEntry 171","IL23-1632","24 g for 1 plots","NY"
"oatEntry 172","IL23-1638","48 g for 2 plots","IA"
"oatEntry 172","IL23-1638","24 g for 1 plots","IL"
"oatEntry 172","IL23-1638","72 g for 3 plots","NY"
"oatEntry 173","IL23-1644","24 g for 1 plots","AL"
"oatEntry 173","IL23-1644","96 g for 4 plots","IA"
"oatEntry 173","IL23-1644","48 g for 2 plots","IL"
"oatEntry 173","IL23-1644","24 g for 1 plots","ND"
"oatEntry 173","IL23-1644","72 g for 3 plots","NY"
"oatEntry 174","IL23-1650","72 g for 3 plots","AL"
"oatEntry 174","IL23-1650","96 g for 4 plots","IL"
"oatEntry 174","IL23-1650","48 g for 2 plots","ND"
"oatEntry 174","IL23-1650","48 g for 2 plots","NY"
"oatEntry 175","IL23-1651","48 g for 2 plots","AL"
"oatEntry 175","IL23-1651","24 g for 1 plots","IA"
"oatEntry 175","IL23-1651","24 g for 1 plots","IL"
"oatEntry 175","IL23-1651","24 g for 1 plots","ND"
"oatEntry 176","IL23-1653","24 g for 1 plots","AL"
"oatEntry 176","IL23-1653","48 g for 2 plots","IL"
"oatEntry 176","IL23-1653","24 g for 1 plots","ND"
"oatEntry 177","IL23-1655","48 g for 2 plots","AL"
"oatEntry 177","IL23-1655","48 g for 2 plots","IA"
"oatEntry 177","IL23-1655","48 g for 2 plots","IL"
"oatEntry 177","IL23-1655","72 g for 3 plots","ND"
"oatEntry 177","IL23-1655","24 g for 1 plots","NY"
"oatEntry 178","IL23-1657","48 g for 2 plots","AL"
"oatEntry 178","IL23-1657","48 g for 2 plots","IA"
"oatEntry 178","IL23-1657","24 g for 1 plots","IL"
"oatEntry 178","IL23-1657","48 g for 2 plots","NY"
"oatEntry 179","IL23-1660","96 g for 4 plots","AL"
"oatEntry 179","IL23-1660","24 g for 1 plots","IL"
"oatEntry 179","IL23-1660","24 g for 1 plots","ND"
"oatEntry 180","IL23-1663","24 g for 1 plots","AL"
"oatEntry 180","IL23-1663","48 g for 2 plots","IA"
"oatEntry 180","IL23-1663","24 g for 1 plots","ND"
"oatEntry 180","IL23-1663","24 g for 1 plots","NY"
"oatEntry 181","IL23-1666","48 g for 2 plots","IA"
"oatEntry 181","IL23-1666","72 g for 3 plots","ND"
"oatEntry 181","IL23-1666","72 g for 3 plots","NY"
"oatEntry 182","IL23-1668","96 g for 4 plots","IL"
"oatEntry 182","IL23-1668","24 g for 1 plots","ND"
"oatEntry 182","IL23-1668","48 g for 2 plots","NY"
"oatEntry 183","IL23-1669","96 g for 4 plots","AL"
"oatEntry 183","IL23-1669","24 g for 1 plots","IA"
"oatEntry 183","IL23-1669","24 g for 1 plots","ND"
"oatEntry 183","IL23-1669","72 g for 3 plots","NY"
"oatEntry 184","IL23-1753","24 g for 1 plots","AL"
"oatEntry 184","IL23-1753","24 g for 1 plots","IA"
"oatEntry 184","IL23-1753","24 g for 1 plots","ND"
"oatEntry 184","IL23-1753","48 g for 2 plots","NY"
"oatEntry 185","IL23-1764","48 g for 2 plots","AL"
"oatEntry 185","IL23-1764","24 g for 1 plots","IA"
"oatEntry 185","IL23-1764","24 g for 1 plots","ND"
"oatEntry 186","IL23-1775","48 g for 2 plots","AL"
"oatEntry 186","IL23-1775","48 g for 2 plots","IA"
"oatEntry 186","IL23-1775","24 g for 1 plots","IL"
"oatEntry 186","IL23-1775","24 g for 1 plots","ND"
"oatEntry 186","IL23-1775","72 g for 3 plots","NY"
"oatEntry 187","IL23-1806","24 g for 1 plots","AL"
"oatEntry 187","IL23-1806","48 g for 2 plots","IA"
"oatEntry 187","IL23-1806","120 g for 5 plots","IL"
"oatEntry 187","IL23-1806","24 g for 1 plots","ND"
"oatEntry 187","IL23-1806","24 g for 1 plots","NY"
"oatEntry 188","IL23-1815","96 g for 4 plots","AL"
"oatEntry 188","IL23-1815","120 g for 5 plots","IA"
"oatEntry 188","IL23-1815","72 g for 3 plots","IL"
"oatEntry 188","IL23-1815","72 g for 3 plots","ND"
"oatEntry 188","IL23-1815","96 g for 4 plots","NY"
"oatEntry 189","IL23-1819","24 g for 1 plots","IA"
"oatEntry 189","IL23-1819","24 g for 1 plots","IL"
"oatEntry 190","IL23-1842","48 g for 2 plots","AL"
"oatEntry 190","IL23-1842","96 g for 4 plots","IL"
"oatEntry 190","IL23-1842","96 g for 4 plots","ND"
"oatEntry 191","IL23-1847","72 g for 3 plots","IA"
"oatEntry 191","IL23-1847","48 g for 2 plots","IL"
"oatEntry 191","IL23-1847","24 g for 1 plots","ND"
"oatEntry 191","IL23-1847","24 g for 1 plots","NY"
"oatEntry 192","IL23-1859","24 g for 1 plots","AL"
"oatEntry 192","IL23-1859","72 g for 3 plots","IA"
"oatEntry 192","IL23-1859","48 g for 2 plots","IL"
"oatEntry 192","IL23-1859","24 g for 1 plots","NY"
"oatEntry 193","IL23-1947","24 g for 1 plots","AL"
"oatEntry 193","IL23-1947","24 g for 1 plots","ND"
"oatEntry 193","IL23-1947","24 g for 1 plots","NY"
"oatEntry 194","IL23-1959","24 g for 1 plots","AL"
"oatEntry 194","IL23-1959","72 g for 3 plots","IA"
"oatEntry 194","IL23-1959","24 g for 1 plots","IL"
"oatEntry 194","IL23-1959","24 g for 1 plots","ND"
"oatEntry 195","IL23-2010","24 g for 1 plots","AL"
"oatEntry 195","IL23-2010","48 g for 2 plots","IA"
"oatEntry 195","IL23-2010","24 g for 1 plots","IL"
"oatEntry 196","IL23-2021","72 g for 3 plots","AL"
"oatEntry 196","IL23-2021","24 g for 1 plots","IA"
"oatEntry 196","IL23-2021","24 g for 1 plots","IL"
"oatEntry 196","IL23-2021","24 g for 1 plots","ND"
"oatEntry 196","IL23-2021","24 g for 1 plots","NY"
"oatEntry 197","IL23-2034","48 g for 2 plots","AL"
"oatEntry 197","IL23-2034","24 g for 1 plots","IA"
"oatEntry 197","IL23-2034","72 g for 3 plots","IL"
"oatEntry 197","IL23-2034","24 g for 1 plots","ND"
"oatEntry 197","IL23-2034","24 g for 1 plots","NY"
"oatEntry 198","IL23-2134","48 g for 2 plots","AL"
"oatEntry 198","IL23-2134","72 g for 3 plots","IA"
"oatEntry 198","IL23-2134","24 g for 1 plots","IL"
"oatEntry 198","IL23-2134","24 g for 1 plots","NY"
"oatEntry 199","IL23-2154","24 g for 1 plots","IL"
"oatEntry 199","IL23-2154","48 g for 2 plots","ND"
"oatEntry 200","IL23-2235","72 g for 3 plots","IA"
"oatEntry 200","IL23-2235","72 g for 3 plots","IL"
"oatEntry 200","IL23-2235","48 g for 2 plots","NY"
"oatEntry 201","IL23-2246","96 g for 4 plots","AL"
"oatEntry 201","IL23-2246","24 g for 1 plots","IL"
"oatEntry 201","IL23-2246","48 g for 2 plots","ND"
"oatEntry 202","IL23-2253","24 g for 1 plots","AL"
"oatEntry 202","IL23-2253","48 g for 2 plots","IA"
"oatEntry 202","IL23-2253","72 g for 3 plots","IL"
"oatEntry 202","IL23-2253","48 g for 2 plots","ND"
"oatEntry 203","IL23-2371","24 g for 1 plots","AL"
"oatEntry 203","IL23-2371","96 g for 4 plots","IA"
"oatEntry 203","IL23-2371","24 g for 1 plots","NY"
"oatEntry 204","IL23-2443","48 g for 2 plots","AL"
"oatEntry 204","IL23-2443","48 g for 2 plots","IA"
"oatEntry 204","IL23-2443","168 g for 7 plots","IL"
"oatEntry 204","IL23-2443","24 g for 1 plots","ND"
"oatEntry 204","IL23-2443","24 g for 1 plots","NY"
"oatEntry 205","IL23-2458","24 g for 1 plots","AL"
"oatEntry 205","IL23-2458","48 g for 2 plots","IA"
"oatEntry 205","IL23-2458","24 g for 1 plots","ND"
"oatEntry 205","IL23-2458","48 g for 2 plots","NY"
"oatEntry 206","IL23-2554","72 g for 3 plots","AL"
"oatEntry 206","IL23-2554","24 g for 1 plots","IA"
"oatEntry 206","IL23-2554","24 g for 1 plots","IL"
"oatEntry 206","IL23-2554","24 g for 1 plots","ND"
"oatEntry 207","IL23-2625","24 g for 1 plots","AL"
"oatEntry 207","IL23-2625","24 g for 1 plots","IL"
"oatEntry 207","IL23-2625","48 g for 2 plots","ND"
"oatEntry 207","IL23-2625","72 g for 3 plots","NY"
"oatEntry 208","IL23-2751","24 g for 1 plots","AL"
"oatEntry 208","IL23-2751","24 g for 1 plots","IA"
"oatEntry 208","IL23-2751","48 g for 2 plots","IL"
"oatEntry 208","IL23-2751","24 g for 1 plots","ND"
"oatEntry 208","IL23-2751","72 g for 3 plots","NY"
"oatEntry 209","IL23-2843","48 g for 2 plots","IL"
"oatEntry 209","IL23-2843","72 g for 3 plots","ND"
"oatEntry 209","IL23-2843","24 g for 1 plots","NY"
"oatEntry 210","IL23-2942","24 g for 1 plots","AL"
"oatEntry 210","IL23-2942","96 g for 4 plots","IA"
"oatEntry 210","IL23-2942","24 g for 1 plots","ND"
"oatEntry 211","IL23-2954","72 g for 3 plots","ND"
"oatEntry 211","IL23-2954","48 g for 2 plots","NY"
"oatEntry 212","IL23-2956","72 g for 3 plots","AL"
"oatEntry 212","IL23-2956","24 g for 1 plots","IA"
"oatEntry 212","IL23-2956","24 g for 1 plots","ND"
"oatEntry 212","IL23-2956","24 g for 1 plots","NY"
"oatEntry 213","IL23-2963","24 g for 1 plots","AL"
"oatEntry 213","IL23-2963","24 g for 1 plots","IA"
"oatEntry 213","IL23-2963","24 g for 1 plots","IL"
"oatEntry 213","IL23-2963","24 g for 1 plots","ND"
"oatEntry 214","IL23-3228","24 g for 1 plots","IA"
"oatEntry 214","IL23-3228","24 g for 1 plots","IL"
"oatEntry 214","IL23-3228","24 g for 1 plots","ND"
"oatEntry 215","IL23-3312","48 g for 2 plots","AL"
"oatEntry 215","IL23-3312","48 g for 2 plots","IA"
"oatEntry 215","IL23-3312","48 g for 2 plots","IL"
"oatEntry 215","IL23-3312","48 g for 2 plots","ND"
"oatEntry 215","IL23-3312","72 g for 3 plots","NY"
"oatEntry 216","IL23-3335","24 g for 1 plots","AL"
"oatEntry 216","IL23-3335","24 g for 1 plots","IA"
"oatEntry 216","IL23-3335","48 g for 2 plots","ND"
"oatEntry 217","IL23-3337","24 g for 1 plots","AL"
"oatEntry 217","IL23-3337","24 g for 1 plots","IA"
"oatEntry 217","IL23-3337","48 g for 2 plots","IL"
"oatEntry 217","IL23-3337","120 g for 5 plots","NY"
"oatEntry 218","IL23-3434","24 g for 1 plots","AL"
"oatEntry 218","IL23-3434","24 g for 1 plots","IA"
"oatEntry 218","IL23-3434","24 g for 1 plots","ND"
"oatEntry 219","IL23-3443","24 g for 1 plots","AL"
"oatEntry 219","IL23-3443","48 g for 2 plots","IA"
"oatEntry 219","IL23-3443","72 g for 3 plots","IL"
"oatEntry 219","IL23-3443","72 g for 3 plots","ND"
"oatEntry 219","IL23-3443","24 g for 1 plots","NY"
"oatEntry 220","IL23-3468","72 g for 3 plots","AL"
"oatEntry 220","IL23-3468","24 g for 1 plots","ND"
"oatEntry 220","IL23-3468","120 g for 5 plots","NY"
"oatEntry 221","IL23-3517","24 g for 1 plots","AL"
"oatEntry 221","IL23-3517","24 g for 1 plots","ND"
"oatEntry 221","IL23-3517","24 g for 1 plots","NY"
"oatEntry 222","IL23-3545","24 g for 1 plots","IL"
"oatEntry 222","IL23-3545","72 g for 3 plots","ND"
"oatEntry 222","IL23-3545","48 g for 2 plots","NY"
"oatEntry 223","IL23-3549","24 g for 1 plots","AL"
"oatEntry 223","IL23-3549","24 g for 1 plots","IL"
"oatEntry 223","IL23-3549","24 g for 1 plots","ND"
"oatEntry 223","IL23-3549","72 g for 3 plots","NY"
"oatEntry 224","IL23-3565","96 g for 4 plots","AL"
"oatEntry 224","IL23-3565","24 g for 1 plots","IA"
"oatEntry 224","IL23-3565","48 g for 2 plots","ND"
"oatEntry 224","IL23-3565","24 g for 1 plots","NY"
"oatEntry 225","IL23-3572","48 g for 2 plots","AL"
"oatEntry 225","IL23-3572","48 g for 2 plots","IA"
"oatEntry 225","IL23-3572","48 g for 2 plots","IL"
"oatEntry 225","IL23-3572","24 g for 1 plots","ND"
"oatEntry 225","IL23-3572","24 g for 1 plots","NY"
"oatEntry 226","IL23-3576","48 g for 2 plots","AL"
"oatEntry 226","IL23-3576","96 g for 4 plots","IA"
"oatEntry 226","IL23-3576","72 g for 3 plots","IL"
"oatEntry 226","IL23-3576","24 g for 1 plots","ND"
"oatEntry 226","IL23-3576","24 g for 1 plots","NY"
"oatEntry 227","IL23-3621","48 g for 2 plots","IA"
"oatEntry 227","IL23-3621","24 g for 1 plots","IL"
"oatEntry 227","IL23-3621","24 g for 1 plots","ND"
"oatEntry 228","IL23-3627","24 g for 1 plots","AL"
"oatEntry 228","IL23-3627","24 g for 1 plots","IA"
"oatEntry 228","IL23-3627","48 g for 2 plots","IL"
"oatEntry 228","IL23-3627","48 g for 2 plots","ND"
"oatEntry 228","IL23-3627","72 g for 3 plots","NY"
"oatEntry 229","IL23-3635","48 g for 2 plots","IA"
"oatEntry 229","IL23-3635","24 g for 1 plots","ND"
"oatEntry 230","IL23-3645","24 g for 1 plots","IL"
"oatEntry 231","IL23-3655","72 g for 3 plots","AL"
"oatEntry 231","IL23-3655","24 g for 1 plots","IA"
"oatEntry 231","IL23-3655","48 g for 2 plots","IL"
"oatEntry 231","IL23-3655","48 g for 2 plots","ND"
"oatEntry 231","IL23-3655","24 g for 1 plots","NY"
"oatEntry 232","IL23-3661","48 g for 2 plots","AL"
"oatEntry 232","IL23-3661","24 g for 1 plots","ND"
"oatEntry 232","IL23-3661","72 g for 3 plots","NY"
"oatEntry 233","IL23-3669","48 g for 2 plots","IA"
"oatEntry 233","IL23-3669","48 g for 2 plots","IL"
"oatEntry 233","IL23-3669","48 g for 2 plots","ND"
"oatEntry 234","IL23-3673","48 g for 2 plots","AL"
"oatEntry 234","IL23-3673","48 g for 2 plots","IA"
"oatEntry 234","IL23-3673","24 g for 1 plots","IL"
"oatEntry 235","IL23-3675","24 g for 1 plots","AL"
"oatEntry 235","IL23-3675","24 g for 1 plots","IA"
"oatEntry 235","IL23-3675","48 g for 2 plots","IL"
"oatEntry 235","IL23-3675","48 g for 2 plots","ND"
"oatEntry 236","IL23-3710","72 g for 3 plots","IA"
"oatEntry 236","IL23-3710","48 g for 2 plots","ND"
"oatEntry 236","IL23-3710","24 g for 1 plots","NY"
"oatEntry 237","IL23-3730","24 g for 1 plots","AL"
"oatEntry 237","IL23-3730","48 g for 2 plots","IA"
"oatEntry 237","IL23-3730","72 g for 3 plots","IL"
"oatEntry 237","IL23-3730","96 g for 4 plots","ND"
"oatEntry 238","IL23-3731","48 g for 2 plots","AL"
"oatEntry 238","IL23-3731","72 g for 3 plots","IA"
"oatEntry 238","IL23-3731","24 g for 1 plots","IL"
"oatEntry 238","IL23-3731","48 g for 2 plots","ND"
"oatEntry 238","IL23-3731","24 g for 1 plots","NY"
"oatEntry 239","IL23-3738","24 g for 1 plots","AL"
"oatEntry 239","IL23-3738","48 g for 2 plots","IL"
"oatEntry 239","IL23-3738","24 g for 1 plots","ND"
"oatEntry 240","IL23-3751","24 g for 1 plots","AL"
"oatEntry 240","IL23-3751","24 g for 1 plots","IA"
"oatEntry 240","IL23-3751","24 g for 1 plots","ND"
"oatEntry 240","IL23-3751","48 g for 2 plots","NY"
"oatEntry 241","IL23-3754","48 g for 2 plots","AL"
"oatEntry 241","IL23-3754","24 g for 1 plots","IA"
"oatEntry 241","IL23-3754","24 g for 1 plots","NY"
"oatEntry 242","IL23-3759","24 g for 1 plots","AL"
"oatEntry 242","IL23-3759","24 g for 1 plots","IL"
"oatEntry 242","IL23-3759","48 g for 2 plots","ND"
"oatEntry 243","IL23-3823","48 g for 2 plots","AL"
"oatEntry 243","IL23-3823","24 g for 1 plots","IA"
"oatEntry 243","IL23-3823","72 g for 3 plots","IL"
"oatEntry 243","IL23-3823","48 g for 2 plots","ND"
"oatEntry 243","IL23-3823","24 g for 1 plots","NY"
"oatEntry 244","IL23-3826","24 g for 1 plots","AL"
"oatEntry 244","IL23-3826","72 g for 3 plots","IA"
"oatEntry 244","IL23-3826","48 g for 2 plots","IL"
"oatEntry 244","IL23-3826","24 g for 1 plots","ND"
"oatEntry 245","IL23-3827","24 g for 1 plots","AL"
"oatEntry 245","IL23-3827","24 g for 1 plots","ND"
"oatEntry 246","IL23-3829","48 g for 2 plots","IA"
"oatEntry 246","IL23-3829","24 g for 1 plots","ND"
"oatEntry 246","IL23-3829","24 g for 1 plots","NY"
"oatEntry 247","IL23-3830","24 g for 1 plots","AL"
"oatEntry 247","IL23-3830","48 g for 2 plots","ND"
"oatEntry 247","IL23-3830","24 g for 1 plots","NY"
"oatEntry 248","IL23-3838","72 g for 3 plots","IA"
"oatEntry 248","IL23-3838","72 g for 3 plots","IL"
"oatEntry 248","IL23-3838","24 g for 1 plots","ND"
"oatEntry 248","IL23-3838","24 g for 1 plots","NY"
"oatEntry 249","IL23-3842","72 g for 3 plots","AL"
"oatEntry 249","IL23-3842","48 g for 2 plots","IA"
"oatEntry 249","IL23-3842","24 g for 1 plots","IL"
"oatEntry 249","IL23-3842","24 g for 1 plots","ND"
"oatEntry 249","IL23-3842","96 g for 4 plots","NY"
"oatEntry 250","IL23-3848","24 g for 1 plots","AL"
"oatEntry 250","IL23-3848","24 g for 1 plots","IA"
"oatEntry 250","IL23-3848","48 g for 2 plots","ND"
"oatEntry 250","IL23-3848","24 g for 1 plots","NY"
"oatEntry 251","IL23-3857","24 g for 1 plots","IA"
"oatEntry 251","IL23-3857","24 g for 1 plots","ND"
"oatEntry 251","IL23-3857","24 g for 1 plots","NY"
"oatEntry 252","IL23-3874","72 g for 3 plots","IA"
"oatEntry 252","IL23-3874","24 g for 1 plots","IL"
"oatEntry 252","IL23-3874","48 g for 2 plots","NY"
"oatEntry 253","IL23-4037","96 g for 4 plots","AL"
"oatEntry 254","IL23-4039","48 g for 2 plots","AL"
"oatEntry 254","IL23-4039","48 g for 2 plots","IL"
"oatEntry 254","IL23-4039","24 g for 1 plots","ND"
"oatEntry 254","IL23-4039","48 g for 2 plots","NY"
"oatEntry 255","IL23-4049","48 g for 2 plots","IA"
"oatEntry 255","IL23-4049","48 g for 2 plots","IL"
"oatEntry 255","IL23-4049","120 g for 5 plots","ND"
"oatEntry 255","IL23-4049","48 g for 2 plots","NY"
"oatEntry 256","IL23-4063","48 g for 2 plots","AL"
"oatEntry 256","IL23-4063","96 g for 4 plots","IL"
"oatEntry 256","IL23-4063","72 g for 3 plots","ND"
"oatEntry 256","IL23-4063","24 g for 1 plots","NY"
"oatEntry 257","IL23-4079","24 g for 1 plots","AL"
"oatEntry 257","IL23-4079","24 g for 1 plots","IA"
"oatEntry 257","IL23-4079","24 g for 1 plots","IL"
"oatEntry 257","IL23-4079","48 g for 2 plots","ND"
"oatEntry 257","IL23-4079","24 g for 1 plots","NY"
"oatEntry 258","IL23-4118","48 g for 2 plots","IA"
"oatEntry 258","IL23-4118","24 g for 1 plots","IL"
"oatEntry 258","IL23-4118","24 g for 1 plots","ND"
"oatEntry 259","IL23-4144","24 g for 1 plots","AL"
"oatEntry 259","IL23-4144","48 g for 2 plots","IA"
"oatEntry 259","IL23-4144","72 g for 3 plots","IL"
"oatEntry 260","IL23-4243","48 g for 2 plots","AL"
"oatEntry 260","IL23-4243","48 g for 2 plots","IL"
"oatEntry 260","IL23-4243","24 g for 1 plots","ND"
"oatEntry 260","IL23-4243","24 g for 1 plots","NY"
"oatEntry 261","IL23-4252","120 g for 5 plots","AL"
"oatEntry 261","IL23-4252","48 g for 2 plots","IA"
"oatEntry 261","IL23-4252","48 g for 2 plots","IL"
"oatEntry 261","IL23-4252","24 g for 1 plots","ND"
"oatEntry 261","IL23-4252","24 g for 1 plots","NY"
"oatEntry 262","IL23-4253","24 g for 1 plots","AL"
"oatEntry 262","IL23-4253","72 g for 3 plots","IL"
"oatEntry 262","IL23-4253","24 g for 1 plots","ND"
"oatEntry 263","IL23-4259","24 g for 1 plots","AL"
"oatEntry 263","IL23-4259","24 g for 1 plots","IL"
"oatEntry 263","IL23-4259","48 g for 2 plots","ND"
"oatEntry 263","IL23-4259","72 g for 3 plots","NY"
"oatEntry 264","IL23-4274","96 g for 4 plots","AL"
"oatEntry 264","IL23-4274","24 g for 1 plots","IA"
"oatEntry 264","IL23-4274","48 g for 2 plots","ND"
"oatEntry 264","IL23-4274","72 g for 3 plots","NY"
"oatEntry 265","IL23-4423","24 g for 1 plots","IL"
"oatEntry 265","IL23-4423","24 g for 1 plots","ND"
"oatEntry 266","IL23-4444","48 g for 2 plots","AL"
"oatEntry 266","IL23-4444","24 g for 1 plots","IA"
"oatEntry 266","IL23-4444","24 g for 1 plots","IL"
"oatEntry 267","IL23-4469","24 g for 1 plots","AL"
"oatEntry 267","IL23-4469","48 g for 2 plots","IA"
"oatEntry 267","IL23-4469","48 g for 2 plots","IL"
"oatEntry 267","IL23-4469","48 g for 2 plots","ND"
"oatEntry 267","IL23-4469","72 g for 3 plots","NY"
"oatEntry 268","IL23-4542","48 g for 2 plots","IA"
"oatEntry 268","IL23-4542","24 g for 1 plots","IL"
"oatEntry 269","IL23-4543","24 g for 1 plots","AL"
"oatEntry 269","IL23-4543","72 g for 3 plots","IL"
"oatEntry 269","IL23-4543","24 g for 1 plots","ND"
"oatEntry 270","IL23-4546","48 g for 2 plots","AL"
"oatEntry 270","IL23-4546","24 g for 1 plots","IA"
"oatEntry 270","IL23-4546","48 g for 2 plots","IL"
"oatEntry 270","IL23-4546","24 g for 1 plots","ND"
"oatEntry 270","IL23-4546","72 g for 3 plots","NY"
"oatEntry 271","IL23-4547","24 g for 1 plots","AL"
"oatEntry 271","IL23-4547","24 g for 1 plots","IA"
"oatEntry 271","IL23-4547","24 g for 1 plots","IL"
"oatEntry 271","IL23-4547","48 g for 2 plots","ND"
"oatEntry 271","IL23-4547","48 g for 2 plots","NY"
"oatEntry 272","IL23-4554","24 g for 1 plots","AL"
"oatEntry 272","IL23-4554","72 g for 3 plots","IA"
"oatEntry 272","IL23-4554","24 g for 1 plots","IL"
"oatEntry 272","IL23-4554","24 g for 1 plots","ND"
"oatEntry 273","IL23-4555","24 g for 1 plots","AL"
"oatEntry 273","IL23-4555","48 g for 2 plots","IA"
"oatEntry 273","IL23-4555","48 g for 2 plots","IL"
"oatEntry 273","IL23-4555","24 g for 1 plots","ND"
"oatEntry 274","IL23-4572","96 g for 4 plots","AL"
"oatEntry 274","IL23-4572","48 g for 2 plots","IA"
"oatEntry 274","IL23-4572","72 g for 3 plots","IL"
"oatEntry 274","IL23-4572","48 g for 2 plots","ND"
"oatEntry 274","IL23-4572","72 g for 3 plots","NY"
"oatEntry 275","IL23-4575","24 g for 1 plots","IA"
"oatEntry 275","IL23-4575","24 g for 1 plots","ND"
"oatEntry 275","IL23-4575","72 g for 3 plots","NY"
"oatEntry 276","IL23-4718","24 g for 1 plots","IL"
"oatEntry 276","IL23-4718","24 g for 1 plots","ND"
"oatEntry 276","IL23-4718","72 g for 3 plots","NY"
"oatEntry 277","IL23-4721","24 g for 1 plots","AL"
"oatEntry 277","IL23-4721","48 g for 2 plots","IA"
"oatEntry 278","IL23-4722","24 g for 1 plots","AL"
"oatEntry 278","IL23-4722","24 g for 1 plots","IA"
"oatEntry 278","IL23-4722","72 g for 3 plots","IL"
"oatEntry 278","IL23-4722","96 g for 4 plots","ND"
"oatEntry 278","IL23-4722","72 g for 3 plots","NY"
"oatEntry 279","IL23-4746","24 g for 1 plots","IA"
"oatEntry 279","IL23-4746","24 g for 1 plots","IL"
"oatEntry 280","IL23-4835","96 g for 4 plots","AL"
"oatEntry 280","IL23-4835","48 g for 2 plots","IA"
"oatEntry 280","IL23-4835","48 g for 2 plots","IL"
"oatEntry 280","IL23-4835","48 g for 2 plots","ND"
"oatEntry 280","IL23-4835","24 g for 1 plots","NY"
