EUId,TrialName,ExperimentName,Entry,PEA,Range,Column,EUDQ,DecisionBlock,OAT,Rep,SIID,Treatment,DesignType,Events,plot_number,plot_name,plot_id,accession_name,block_number,is_a_control,rep_number,row_number,col_number,Heading date - Julian day|CO_350:0000270,Pea Flowering Date - 10% - Julian Day|CO_xxx:0003014,Maturity date - Julian day|CO_350:0000271,Pea Maturity Date - Julian Day|CO_xxx:0003015,Lodging severity - 0-9 Rating|CO_350:0005007,Grain weight - g|CO_350:0005123,Pea Grain Weight - g|CO_xxx:0003006
472208134,JHPY06LPOATN,LBCRMX9YPEOTN,1,PLNDP170247Y,2,2,Q,524346,PLIL23-512-200865912,1,200813094,NA,Non Randomized,NA,2001,B4I_2025_IA_2001,734276,IL23-512,2,NA,1,"2,NA","2,NA",,,,,,,
472208135,JHPY06LPOATN,LBCRMX9YPEOTN,2,PLNDP250131Y,2,3,Q,524346,PLIL23-911-200865925,1,200813186,NA,Non Randomized,NA,2002,B4I_2025_IA_2002,734252,IL23-911,2,NA,1,"2,NA","3,NA",,,,,,,
472208136,JHPY06LPOATN,LBCRMX9YPEOTN,3,PLNDP160188Y,2,4,Q,524346,PLIL23-509-200865911,1,200813063,NA,Non Randomized,NA,2003,B4I_2025_IA_2003,734265,IL23-509,2,NA,1,"2,NA","4,NA",,,,,,,
472208137,JHPY06LPOATN,LBCRMX9YPEOTN,4,PLNDP121711R,2,5,Q,524346,PLIL23-1651-201774444,1,201770367,NA,Non Randomized,NA,2004,B4I_2025_IA_2004,734214,IL23-1651,2,NA,1,"2,NA","5,NA",,,,,,,
472208138,JHPY06LPOATN,LBCRMX9YPEOTN,5,PLNDP170111G,2,6,Q,524346,PLIL23-1623-200865814,1,200813084,NA,Non Randomized,NA,2005,B4I_2025_IA_2005,733954,IL23-1623,2,NA,1,"2,NA","6,NA",,,,,,,
472208139,JHPY06LPOATN,LBCRMX9YPEOTN,6,PLNDP120083Y,2,7,Q,524346,PLIL23-1806-200865827,1,200813042,NA,Non Randomized,NA,2006,B4I_2025_IA_2006,734151,IL23-1806,2,NA,1,"2,NA","7,NA",,,,,,,
472208140,JHPY06LPOATN,LBCRMX9YPEOTN,7,PLNDP170006G,2,8,Q,524346,PLIL23-1663-201774445,1,200813066,NA,Non Randomized,NA,2007,B4I_2025_IA_2007,734168,IL23-1663,2,NA,1,"2,NA","8,NA",,,,,,,
472208141,JHPY06LPOATN,LBCRMX9YPEOTN,8,PLNDP250039Y,2,9,Q,524346,PLIL21-753-200865759,1,200813114,NA,Non Randomized,NA,2008,B4I_2025_IA_2008,734301,IL21-753,2,NA,1,"2,NA","9,NA",,,,,,,
472208149,JHPY06LPOATN,LBCRMX9YPEOTN,16,PLNDP250085Y,3,2,Q,524346,PLIL23-3228-200865853,1,200813144,NA,Non Randomized,NA,2016,B4I_2025_IA_2016,733959,IL23-3228,2,NA,1,"3,NA","2,NA",,,,,,,
472208148,JHPY06LPOATN,LBCRMX9YPEOTN,15,PLNDP170028G,3,3,Q,524346,PLIL23-422-201774462,1,200813072,NA,Non Randomized,NA,2015,B4I_2025_IA_2015,734156,IL23-422,2,NA,1,"3,NA","3,NA",,,,,,,
472208147,JHPY06LPOATN,LBCRMX9YPEOTN,14,PLNDP250090Y,3,4,Q,524346,PLIL23-739-200865919,1,200813147,NA,Non Randomized,NA,2014,B4I_2025_IA_2014,734024,IL23-739,2,NA,1,"3,NA","4,NA",,,,,,,
472208146,JHPY06LPOATN,LBCRMX9YPEOTN,13,PLNDP250125Y,3,5,Q,524346,PLIL23-660-201774471,1,201770395,NA,Non Randomized,NA,2013,B4I_2025_IA_2013,734064,IL23-660,2,NA,1,"3,NA","5,NA",,,,,,,
472208145,JHPY06LPOATN,LBCRMX9YPEOTN,12,PLNDP250164Y,3,6,Q,524346,PLIL23-3673-200865870,1,200813211,NA,Non Randomized,NA,2012,B4I_2025_IA_2012,734052,IL23-3673,2,NA,1,"3,NA","6,NA",,,,,,,
472208144,JHPY06LPOATN,LBCRMX9YPEOTN,11,PLNDP170153Y,3,7,Q,524346,PLIL23-2253-200865838,1,201770375,NA,Non Randomized,NA,2011,B4I_2025_IA_2011,734079,IL23-2253,2,NA,1,"3,NA","7,NA",,,,,,,
472208143,JHPY06LPOATN,LBCRMX9YPEOTN,10,PLNDP170031G,3,8,Q,524346,PLIL23-260-200865846,1,200813073,NA,Non Randomized,NA,2010,B4I_2025_IA_2010,733956,IL23-260,2,NA,1,"3,NA","8,NA",,,,,,,
472208142,JHPY06LPOATN,LBCRMX9YPEOTN,9,PLNDP250029Y,3,9,Q,524346,PLIL23-2371-200865840,1,200813104,NA,Non Randomized,NA,2009,B4I_2025_IA_2009,734042,IL23-2371,2,NA,1,"3,NA","9,NA",,,,,,,
472208150,JHPY06LPOATN,LBCRMX9YPEOTN,17,PLNDP250051Y,4,2,Q,524346,PLIL23-1959-200865830,1,201770386,NA,Non Randomized,NA,2017,B4I_2025_IA_2017,733975,IL23-1959,2,NA,1,"4,NA","2,NA",,,,,,,
472208151,JHPY06LPOATN,LBCRMX9YPEOTN,18,PLNDP250120G,4,3,Q,524346,PLIL20-6928-200865748,1,200813176,NA,Non Randomized,NA,2018,B4I_2025_IA_2018,734109,IL20-6928,2,NA,1,"4,NA","3,NA",,,,,,,
472208152,JHPY06LPOATN,LBCRMX9YPEOTN,19,PLNDP250073Y,4,4,Q,524346,PLIL23-1959-200865830,1,201770392,NA,Non Randomized,NA,2019,B4I_2025_IA_2019,734126,IL23-1959,2,NA,1,"4,NA","4,NA",,,,,,,
472208153,JHPY06LPOATN,LBCRMX9YPEOTN,20,PLNDP250031Y,4,5,Q,524346,PLIL23-4252-200865896,1,200813106,NA,Non Randomized,NA,2020,B4I_2025_IA_2020,734211,IL23-4252,2,NA,1,"4,NA","5,NA",,,,,,,
472208154,JHPY06LPOATN,LBCRMX9YPEOTN,21,PLNDP250187G,4,6,Q,524346,PLIL23-1209-200865792,1,200813227,NA,Non Randomized,NA,2021,B4I_2025_IA_2021,734187,IL23-1209,2,NA,1,"4,NA","6,NA",,,,,,,
472208155,JHPY06LPOATN,LBCRMX9YPEOTN,22,PLNDP250113G,4,7,Q,524346,PLIL23-1657-200865821,1,200813169,NA,Non Randomized,NA,2022,B4I_2025_IA_2022,734113,IL23-1657,2,NA,1,"4,NA","7,NA",,,,,,,
472208156,JHPY06LPOATN,LBCRMX9YPEOTN,23,PLNDP250178Y,4,8,Q,524346,PLIL23-660-201774471,1,200813220,NA,Non Randomized,NA,2023,B4I_2025_IA_2023,734196,IL23-660,2,NA,1,"4,NA","8,NA",,,,,,,
472208157,JHPY06LPOATN,LBCRMX9YPEOTN,24,PLNDP250174Y,4,9,Q,524346,PLIL23-1556-201774441,1,200813216,NA,Non Randomized,NA,2024,B4I_2025_IA_2024,734155,IL23-1556,2,NA,1,"4,NA","9,NA",,,,,,,
472208165,JHPY06LPOATN,LBCRMX9YPEOTN,32,PLNDP250123Y,5,2,Q,524346,PLIL22-3365-200865773,1,200813179,NA,Non Randomized,NA,2032,B4I_2025_IA_2032,733936,IL22-3365,2,NA,1,"5,NA","2,NA",,,,,,,
472208164,JHPY06LPOATN,LBCRMX9YPEOTN,31,PLNDP150231Y,5,3,Q,524346,PLIL23-3730-200865872,1,200813056,NA,Non Randomized,NA,2031,B4I_2025_IA_2031,734016,IL23-3730,2,NA,1,"5,NA","3,NA",,,,,,,
472208163,JHPY06LPOATN,LBCRMX9YPEOTN,30,PLNDP250095Y,5,4,Q,524346,PLIL23-3576-200865862,1,200813152,NA,Non Randomized,NA,2030,B4I_2025_IA_2030,734038,IL23-3576,2,NA,1,"5,NA","4,NA",,,,,,,
472208162,JHPY06LPOATN,LBCRMX9YPEOTN,29,PLNDP250082Y,5,5,Q,524346,PLIL23-236-200865839,1,201770393,NA,Non Randomized,NA,2029,B4I_2025_IA_2029,733924,IL23-236,2,NA,1,"5,NA","5,NA",,,,,,,
472208161,JHPY06LPOATN,LBCRMX9YPEOTN,28,PLNDP250112G,5,6,Q,524346,PLIL23-445-200865900,1,200813168,NA,Non Randomized,NA,2028,B4I_2025_IA_2028,734170,IL23-445,2,NA,1,"5,NA","6,NA",,,,,,,
472208160,JHPY06LPOATN,LBCRMX9YPEOTN,27,PLNDP150228Y,5,7,Q,524346,PLIL23-2235-200865836,1,200813055,NA,Non Randomized,NA,2027,B4I_2025_IA_2027,734307,IL23-2235,2,NA,1,"5,NA","7,NA",,,,,,,
472208159,JHPY06LPOATN,LBCRMX9YPEOTN,26,PLNDP250187G,5,8,Q,524346,PLIL23-963-201774475,1,200813227,NA,Non Randomized,NA,2026,B4I_2025_IA_2026,734215,IL23-963,2,NA,1,"5,NA","8,NA",,,,,,,
472208158,JHPY06LPOATN,LBCRMX9YPEOTN,25,PLNDP250068Y,5,9,Q,524346,PLIL22-1939-200865765,1,200813133,NA,Non Randomized,NA,2025,B4I_2025_IA_2025,734028,IL22-1939,2,NA,1,"5,NA","9,NA",,,,,,,
472208166,JHPY06LPOATN,LBCRMX9YPEOTN,33,PLNDP170253Y,6,2,Q,524346,PLIL21-6257-200865758,1,200813097,NA,Non Randomized,NA,2033,B4I_2025_IA_2033,734007,IL21-6257,2,NA,1,"6,NA","2,NA",,,,,,,
472208167,JHPY06LPOATN,LBCRMX9YPEOTN,34,PLNDP170004G,6,3,Q,524346,PLIL23-3627-200865865,1,200813065,NA,Non Randomized,NA,2034,B4I_2025_IA_2034,733942,IL23-3627,2,NA,1,"6,NA","3,NA",,,,,,,
472208168,JHPY06LPOATN,LBCRMX9YPEOTN,35,PLNDP170200Y,6,4,Q,524346,PLIL23-1638-200865817,1,200813091,NA,Non Randomized,NA,2035,B4I_2025_IA_2035,734223,IL23-1638,2,NA,1,"6,NA","4,NA",,,,,,,
472208169,JHPY06LPOATN,LBCRMX9YPEOTN,36,PLNDP250102Y,6,5,Q,524346,PLIL23-4049-200865889,1,200813159,NA,Non Randomized,NA,2036,B4I_2025_IA_2036,734034,IL23-4049,2,NA,1,"6,NA","5,NA",,,,,,,
472208170,JHPY06LPOATN,LBCRMX9YPEOTN,37,PLNDP250115G,6,6,Q,524346,PLIL23-1165-201774436,1,200813171,NA,Non Randomized,NA,2037,B4I_2025_IA_2037,734090,IL23-1165,2,NA,1,"6,NA","6,NA",,,,,,,
472208171,JHPY06LPOATN,LBCRMX9YPEOTN,38,PLNDP250051Y,6,7,Q,524346,PLIL23-965-201774476,1,201770386,NA,Non Randomized,NA,2038,B4I_2025_IA_2038,733987,IL23-965,2,NA,1,"6,NA","7,NA",,,,,,,
472208172,JHPY06LPOATN,LBCRMX9YPEOTN,39,PLNDP250072Y,6,8,Q,524346,PLIL23-1422-200865802,1,200813136,NA,Non Randomized,NA,2039,B4I_2025_IA_2039,734219,IL23-1422,2,NA,1,"6,NA","8,NA",,,,,,,
472208173,JHPY06LPOATN,LBCRMX9YPEOTN,40,PLNDP170182Y,6,9,Q,524346,PLIL23-1764-200865825,1,201770377,NA,Non Randomized,NA,2040,B4I_2025_IA_2040,734133,IL23-1764,2,NA,1,"6,NA","9,NA",,,,,,,
472208181,JHPY06LPOATN,LBCRMX9YPEOTN,48,PLNDP250184G,7,2,Q,524346,PLIL23-959-200865931,1,200813224,NA,Non Randomized,NA,2048,B4I_2025_IA_2048,734272,IL23-959,2,NA,1,"7,NA","2,NA",,,,,,,
472208180,JHPY06LPOATN,LBCRMX9YPEOTN,47,PLNDP250100Y,7,3,Q,524346,PLIL23-3443-201774457,1,200813157,NA,Non Randomized,NA,2047,B4I_2025_IA_2047,734189,IL23-3443,2,NA,1,"7,NA","3,NA",,,,,,,
472208179,JHPY06LPOATN,LBCRMX9YPEOTN,46,PLNDP170202Y,7,4,Q,524346,PLIL23-1644-201774443,1,200813092,NA,Non Randomized,NA,2046,B4I_2025_IA_2046,734132,IL23-1644,2,NA,1,"7,NA","4,NA",,,,,,,
472208178,JHPY06LPOATN,LBCRMX9YPEOTN,45,PLNDP250074Y,7,5,Q,524346,PLIL23-1228-200865794,1,200813137,NA,Non Randomized,NA,2045,B4I_2025_IA_2045,733928,IL23-1228,2,NA,1,"7,NA","5,NA",,,,,,,
472208177,JHPY06LPOATN,LBCRMX9YPEOTN,44,PLNDP170185Y,7,6,Q,524346,PLIL23-4721-200865907,1,201770378,NA,Non Randomized,NA,2044,B4I_2025_IA_2044,734233,IL23-4721,2,NA,1,"7,NA","6,NA",,,,,,,
472208176,JHPY06LPOATN,LBCRMX9YPEOTN,43,PLNDP250162Y,7,7,Q,524346,PLIL23-3669-200865869,1,200813210,NA,Non Randomized,NA,2043,B4I_2025_IA_2043,734294,IL23-3669,2,NA,1,"7,NA","7,NA",,,,,,,
472208175,JHPY06LPOATN,LBCRMX9YPEOTN,42,PLNDP250081Y,7,8,Q,524346,PLIL23-2956-201774453,1,200813142,NA,Non Randomized,NA,2042,B4I_2025_IA_2042,734230,IL23-2956,2,NA,1,"7,NA","8,NA",,,,,,,
472208174,JHPY06LPOATN,LBCRMX9YPEOTN,41,PLNDP250153Y,7,9,Q,524346,PLIL23-271-200865849,1,201770400,NA,Non Randomized,NA,2041,B4I_2025_IA_2041,734305,IL23-271,2,NA,1,"7,NA","9,NA",,,,,,,
472208182,JHPY06LPOATN,LBCRMX9YPEOTN,49,PLNDP250159Y,8,2,Q,524346,PLIL23-1608-200865808,1,200813207,NA,Non Randomized,NA,2049,B4I_2025_IA_2049,734023,IL23-1608,2,NA,1,"8,NA","2,NA",,,,,,,
472208183,JHPY06LPOATN,LBCRMX9YPEOTN,50,PLNDP250152Y,8,3,Q,524346,PLIL19-7048-200865741,1,200813202,NA,Non Randomized,NA,2050,B4I_2025_IA_2050,733927,IL19-7048,2,NA,1,"8,NA","3,NA",,,,,,,
472208184,JHPY06LPOATN,LBCRMX9YPEOTN,51,PLNDP170101G,8,4,Q,524346,PLIL23-2235-200865836,1,200813082,NA,Non Randomized,NA,2051,B4I_2025_IA_2051,734105,IL23-2235,2,NA,1,"8,NA","4,NA",,,,,,,
472208185,JHPY06LPOATN,LBCRMX9YPEOTN,52,PLNDP250173Y,8,5,Q,524346,PLIL23-669-201774472,1,200813215,NA,Non Randomized,NA,2052,B4I_2025_IA_2052,734036,IL23-669,2,NA,1,"8,NA","5,NA",,,,,,,
472208186,JHPY06LPOATN,LBCRMX9YPEOTN,53,PLNDP150106G,8,6,Q,524346,PLIL23-3565-200865860,1,200813049,NA,Non Randomized,NA,2053,B4I_2025_IA_2053,734093,IL23-3565,2,NA,1,"8,NA","6,NA",,,,,,,
472208187,JHPY06LPOATN,LBCRMX9YPEOTN,54,PLNDP150476G,8,7,Q,524346,PLIL19-5467-200865736,1,201770369,NA,Non Randomized,NA,2054,B4I_2025_IA_2054,734051,IL19-5467,2,NA,1,"8,NA","7,NA",,,,,,,
472208188,JHPY06LPOATN,LBCRMX9YPEOTN,55,PLNDP150232Y,8,8,Q,524346,PLIL21-5917-200865756,1,200813057,NA,Non Randomized,NA,2055,B4I_2025_IA_2055,734136,IL21-5917,2,NA,1,"8,NA","8,NA",,,,,,,
472208189,JHPY06LPOATN,LBCRMX9YPEOTN,56,PLNDP170012G,8,9,Q,524346,PLIL22-4235-200865777,1,200813068,NA,Non Randomized,NA,2056,B4I_2025_IA_2056,733937,IL22-4235,2,NA,1,"8,NA","9,NA",,,,,,,
472208197,JHPY06LPOATN,LBCRMX9YPEOTN,64,PLNDP170054Y,9,2,Q,524346,PLIL23-3635-200865866,1,200813075,NA,Non Randomized,NA,2064,B4I_2025_IA_2064,734208,IL23-3635,2,NA,1,"9,NA","2,NA",,,,,,,
472208196,JHPY06LPOATN,LBCRMX9YPEOTN,63,PLNDP150231Y,9,3,Q,524346,PLIL23-3730-200865872,1,200813056,NA,Non Randomized,NA,2063,B4I_2025_IA_2063,734259,IL23-3730,2,NA,1,"9,NA","3,NA",,,,,,,
472208195,JHPY06LPOATN,LBCRMX9YPEOTN,62,PLNDP250147G,9,4,Q,524346,PLIL23-1165-201774436,1,200813197,NA,Non Randomized,NA,2062,B4I_2025_IA_2062,734248,IL23-1165,2,NA,1,"9,NA","4,NA",,,,,,,
472208194,JHPY06LPOATN,LBCRMX9YPEOTN,61,PLNDP170011G,9,5,Q,524346,PLIL23-1655-200865820,1,200813067,NA,Non Randomized,NA,2061,B4I_2025_IA_2061,734282,IL23-1655,2,NA,1,"9,NA","5,NA",,,,,,,
472208193,JHPY06LPOATN,LBCRMX9YPEOTN,60,PLNDP250189G,9,6,Q,524346,PLIL23-3874-200865886,1,201770408,NA,Non Randomized,NA,2060,B4I_2025_IA_2060,734159,IL23-3874,2,NA,1,"9,NA","6,NA",,,,,,,
472208192,JHPY06LPOATN,LBCRMX9YPEOTN,59,PLNDP250033Y,9,7,Q,524346,PLIL23-267-201774452,1,200813108,NA,Non Randomized,NA,2059,B4I_2025_IA_2059,734238,IL23-267,2,NA,1,"9,NA","7,NA",,,,,,,
472208191,JHPY06LPOATN,LBCRMX9YPEOTN,58,PLNDP250184G,9,8,Q,524346,PLIL23-415-200865892,1,200813224,NA,Non Randomized,NA,2058,B4I_2025_IA_2058,734087,IL23-415,2,NA,1,"9,NA","8,NA",,,,,,,
472208190,JHPY06LPOATN,LBCRMX9YPEOTN,57,PLNDP250105G,9,9,Q,524346,PLIL23-1259-200865796,1,200813161,NA,Non Randomized,NA,2057,B4I_2025_IA_2057,734004,IL23-1259,2,NA,1,"9,NA","9,NA",,,,,,,
472208198,JHPY06LPOATN,LBCRMX9YPEOTN,65,PLNDP250189G,10,2,Q,524346,PLIL23-3635-200865866,1,201770408,NA,Non Randomized,NA,2065,B4I_2025_IA_2065,733952,IL23-3635,2,NA,1,"10,NA","2,NA",,,,,,,
472208199,JHPY06LPOATN,LBCRMX9YPEOTN,66,PLNDP250164Y,10,3,Q,524346,PLIL23-3576-200865862,1,200813211,NA,Non Randomized,NA,2066,B4I_2025_IA_2066,734145,IL23-3576,2,NA,1,"10,NA","3,NA",,,,,,,
472208200,JHPY06LPOATN,LBCRMX9YPEOTN,67,PLNDP250096Y,10,4,Q,524346,PLIL23-3621-200865864,1,200813153,NA,Non Randomized,NA,2067,B4I_2025_IA_2067,734162,IL23-3621,2,NA,1,"10,NA","4,NA",,,,,,,
472208201,JHPY06LPOATN,LBCRMX9YPEOTN,68,PLNDP250028Y,10,5,Q,524346,PLIL23-259-200865845,1,200813103,NA,Non Randomized,NA,2068,B4I_2025_IA_2068,734298,IL23-259,2,NA,1,"10,NA","5,NA",,,,,,,
472208202,JHPY06LPOATN,LBCRMX9YPEOTN,69,PLNDP250163Y,10,6,Q,524346,PLIL23-1228-200865794,1,201770402,NA,Non Randomized,NA,2069,B4I_2025_IA_2069,733976,IL23-1228,2,NA,1,"10,NA","6,NA",,,,,,,
472208203,JHPY06LPOATN,LBCRMX9YPEOTN,70,PLNDP250034Y,10,7,Q,524346,PLIL23-906-200865923,1,200813109,NA,Non Randomized,NA,2070,B4I_2025_IA_2070,734085,IL23-906,2,NA,1,"10,NA","7,NA",,,,,,,
472208204,JHPY06LPOATN,LBCRMX9YPEOTN,71,PLND VICTORY,10,8,Q,524346,PLIL23-3829-200865880,1,200813041,NA,Non Randomized,NA,2071,B4I_2025_IA_2071,733964,IL23-3829,2,NA,1,"10,NA","8,NA",,,,,,,
472208205,JHPY06LPOATN,LBCRMX9YPEOTN,72,PLNDP120181Y,10,9,Q,524346,PLIL23-3710-201774458,1,200813043,NA,Non Randomized,NA,2072,B4I_2025_IA_2072,733991,IL23-3710,2,NA,1,"10,NA","9,NA",,,,,,,
472208213,JHPY06LPOATN,LBCRMX9YPEOTN,80,PLNDP250093Y,11,2,Q,524346,PLIL19-6432-200865739,1,200813150,NA,Non Randomized,NA,2080,B4I_2025_IA_2080,734286,IL19-6432,2,NA,1,"11,NA","2,NA",,,,,,,
472208212,JHPY06LPOATN,LBCRMX9YPEOTN,79,PLNDP170133G,11,3,Q,524346,PLIL23-423-200865894,1,200813085,NA,Non Randomized,NA,2079,B4I_2025_IA_2079,734197,IL23-423,2,NA,1,"11,NA","3,NA",,,,,,,
472208211,JHPY06LPOATN,LBCRMX9YPEOTN,78,PLND DAWN,11,4,Q,524346,PLIL23-4144-200865891,1,200813040,NA,Non Randomized,NA,2078,B4I_2025_IA_2078,733926,IL23-4144,2,NA,1,"11,NA","4,NA",,,,,,,
472208210,JHPY06LPOATN,LBCRMX9YPEOTN,77,PLNDP250116G,11,5,Q,524346,PLIL23-1165-201774436,1,200813172,NA,Non Randomized,NA,2077,B4I_2025_IA_2077,734044,IL23-1165,2,NA,1,"11,NA","5,NA",,,,,,,
472208209,JHPY06LPOATN,LBCRMX9YPEOTN,76,PLNDP250160Y,11,6,Q,524346,PLIL21-3542-200865751,1,200813208,NA,Non Randomized,NA,2076,B4I_2025_IA_2076,734074,IL21-3542,2,NA,1,"11,NA","6,NA",,,,,,,
472208208,JHPY06LPOATN,LBCRMX9YPEOTN,75,PLNDP250091Y,11,7,Q,524346,PLIL23-1163-200865790,1,200813148,NA,Non Randomized,NA,2075,B4I_2025_IA_2075,734269,IL23-1163,2,NA,1,"11,NA","7,NA",,,,,,,
472208207,JHPY06LPOATN,LBCRMX9YPEOTN,74,PLNDP150218Y,11,8,Q,524346,PLIL23-1775-200865826,1,201770368,NA,Non Randomized,NA,2074,B4I_2025_IA_2074,733995,IL23-1775,2,NA,1,"11,NA","8,NA",,,,,,,
472208206,JHPY06LPOATN,LBCRMX9YPEOTN,73,PLNDP250079Y,11,9,Q,524346,PLIL19-511-200865734,1,200813140,NA,Non Randomized,NA,2073,B4I_2025_IA_2073,733949,IL19-511,2,NA,1,"11,NA","9,NA",,,,,,,
472208214,JHPY06LPOATN,LBCRMX9YPEOTN,81,PLNDP170111G,12,2,Q,524346,PLIL23-524-201774468,1,200813084,NA,Non Randomized,NA,2081,B4I_2025_IA_2081,734115,IL23-524,2,NA,1,"12,NA","2,NA",,,,,,,
472208215,JHPY06LPOATN,LBCRMX9YPEOTN,82,PLNDP250133G,12,3,Q,524346,PLIL23-1859-201774449,1,200813188,NA,Non Randomized,NA,2082,B4I_2025_IA_2082,734184,IL23-1859,2,NA,1,"12,NA","3,NA",,,,,,,
472208216,JHPY06LPOATN,LBCRMX9YPEOTN,83,PLNDP250133G,12,4,Q,524346,PLIL23-1410-200865799,1,200813188,NA,Non Randomized,NA,2083,B4I_2025_IA_2083,734127,IL23-1410,2,NA,1,"12,NA","4,NA",,,,,,,
472208217,JHPY06LPOATN,LBCRMX9YPEOTN,84,PLNDP250081Y,12,5,Q,524346,PLIL23-660-201774471,1,200813142,NA,Non Randomized,NA,2084,B4I_2025_IA_2084,734180,IL23-660,2,NA,1,"12,NA","5,NA",,,,,,,
472208218,JHPY06LPOATN,LBCRMX9YPEOTN,85,PLNDP250050Y,12,6,Q,524346,PLIL22-1019-200865763,1,200813120,NA,Non Randomized,NA,2085,B4I_2025_IA_2085,734095,IL22-1019,2,NA,1,"12,NA","6,NA",,,,,,,
472208219,JHPY06LPOATN,LBCRMX9YPEOTN,86,PLNDP160188Y,12,7,Q,524346,PLIL23-3621-200865864,1,200813063,NA,Non Randomized,NA,2086,B4I_2025_IA_2086,734293,IL23-3621,2,NA,1,"12,NA","7,NA",,,,,,,
472208220,JHPY06LPOATN,LBCRMX9YPEOTN,87,PLNDP250157Y,12,8,Q,524346,PLIL23-2253-200865838,1,201770401,NA,Non Randomized,NA,2087,B4I_2025_IA_2087,734228,IL23-2253,2,NA,1,"12,NA","8,NA",,,,,,,
472208221,JHPY06LPOATN,LBCRMX9YPEOTN,88,PLNDP250148G,12,9,Q,524346,PLIL23-1815-200865828,1,200813198,NA,Non Randomized,NA,2088,B4I_2025_IA_2088,734140,IL23-1815,2,NA,1,"12,NA","9,NA",,,,,,,
472208229,JHPY06LPOATN,LBCRMX9YPEOTN,96,PLNDP250041Y,13,2,Q,524346,PLIL23-2942-200865851,1,200813116,NA,Non Randomized,NA,2096,B4I_2025_IA_2096,734091,IL23-2942,2,NA,1,"13,NA","2,NA",,,,,,,
472208228,JHPY06LPOATN,LBCRMX9YPEOTN,95,PLNDP250057G,13,3,Q,524346,PLIL23-1644-201774443,1,201770388,NA,Non Randomized,NA,2095,B4I_2025_IA_2095,734290,IL23-1644,2,NA,1,"13,NA","3,NA",,,,,,,
472208227,JHPY06LPOATN,LBCRMX9YPEOTN,94,PLNDP250074Y,13,4,Q,524346,PLIL23-1421-200865801,1,200813137,NA,Non Randomized,NA,2094,B4I_2025_IA_2094,733985,IL23-1421,2,NA,1,"13,NA","4,NA",,,,,,,
472208226,JHPY06LPOATN,LBCRMX9YPEOTN,93,PLNDP250184G,13,5,Q,524346,PLIL23-247-200865843,1,200813224,NA,Non Randomized,NA,2093,B4I_2025_IA_2093,733938,IL23-247,2,NA,1,"13,NA","5,NA",,,,,,,
472208225,JHPY06LPOATN,LBCRMX9YPEOTN,92,PLNDP250172Y,13,6,Q,524346,PLIL23-723-200865918,1,201770406,NA,Non Randomized,NA,2092,B4I_2025_IA_2092,734005,IL23-723,2,NA,1,"13,NA","6,NA",,,,,,,
472208224,JHPY06LPOATN,LBCRMX9YPEOTN,91,PLNDP170156Y,13,7,Q,524346,PLIL23-971-200865932,1,200813087,NA,Non Randomized,NA,2091,B4I_2025_IA_2091,733923,IL23-971,2,NA,1,"13,NA","7,NA",,,,,,,
472208223,JHPY06LPOATN,LBCRMX9YPEOTN,90,PLNDP170017G,13,8,Q,524346,PLIL23-259-200865845,1,200813069,NA,Non Randomized,NA,2090,B4I_2025_IA_2090,734099,IL23-259,2,NA,1,"13,NA","8,NA",,,,,,,
472208222,JHPY06LPOATN,LBCRMX9YPEOTN,89,PLND DAWN,13,9,Q,524346,PLIL23-1450-200865806,1,200813040,NA,Non Randomized,NA,2089,B4I_2025_IA_2089,734019,IL23-1450,2,NA,1,"13,NA","9,NA",,,,,,,
472208230,JHPY06LPOATN,LBCRMX9YPEOTN,97,PLNDP120083Y,14,2,Q,524346,PLIL21-4039-200865753,1,200813042,NA,Non Randomized,NA,2097,B4I_2025_IA_2097,734035,IL21-4039,2,NA,1,"14,NA","2,NA",,,,,,,
472208231,JHPY06LPOATN,LBCRMX9YPEOTN,98,PLNDP250150G,14,3,Q,524346,PLIL20-8446-201774426,1,200813200,NA,Non Randomized,NA,2098,B4I_2025_IA_2098,733945,IL20-8446,2,NA,1,"14,NA","3,NA",,,,,,,
472208232,JHPY06LPOATN,LBCRMX9YPEOTN,99,PLNDP170110Y,14,4,Q,524346,PLIL23-1613-200865810,1,201770374,NA,Non Randomized,NA,2099,B4I_2025_IA_2099,734310,IL23-1613,2,NA,1,"14,NA","4,NA",,,,,,,
472208233,JHPY06LPOATN,LBCRMX9YPEOTN,100,PLNDP250169Y,14,5,Q,524346,PLIL23-1815-200865828,1,200813213,NA,Non Randomized,NA,2100,B4I_2025_IA_2100,734192,IL23-1815,2,NA,1,"14,NA","5,NA",,,,,,,
472208234,JHPY06LPOATN,LBCRMX9YPEOTN,101,PLNDP150179Y,14,6,Q,524346,PLIL23-558-200865914,1,200813051,NA,Non Randomized,NA,2101,B4I_2025_IA_2101,734216,IL23-558,2,NA,1,"14,NA","6,NA",,,,,,,
472208235,JHPY06LPOATN,LBCRMX9YPEOTN,102,PLNDP250089Y,14,7,Q,524346,PLIL20-8446-201774426,1,200813146,NA,Non Randomized,NA,2102,B4I_2025_IA_2102,734295,IL20-8446,2,NA,1,"14,NA","7,NA",,,,,,,
472208236,JHPY06LPOATN,LBCRMX9YPEOTN,103,PLNDP250149G,14,8,Q,524346,PLIL23-2134-200865834,1,200813199,NA,Non Randomized,NA,2103,B4I_2025_IA_2103,734229,IL23-2134,2,NA,1,"14,NA","8,NA",,,,,,,
472208237,JHPY06LPOATN,LBCRMX9YPEOTN,104,PLNDP250080Y,14,9,Q,524346,PLIL23-1209-200865792,1,200813141,NA,Non Randomized,NA,2104,B4I_2025_IA_2104,734271,IL23-1209,2,NA,1,"14,NA","9,NA",,,,,,,
472208245,JHPY06LPOATN,LBCRMX9YPEOTN,112,PLNDP170027G,15,2,Q,524346,PLIL23-1632-201774442,1,200813071,NA,Non Randomized,NA,2112,B4I_2025_IA_2112,734088,IL23-1632,2,NA,1,"15,NA","2,NA",,,,,,,
472208244,JHPY06LPOATN,LBCRMX9YPEOTN,111,PLNDP250157Y,15,3,Q,524346,PLIL22-4459-201774435,1,201770401,NA,Non Randomized,NA,2111,B4I_2025_IA_2111,734022,IL22-4459,2,NA,1,"15,NA","3,NA",,,,,,,
472208243,JHPY06LPOATN,LBCRMX9YPEOTN,110,PLNDP250059Y,15,4,Q,524346,PLIL22-2364-200865769,1,200813126,NA,Non Randomized,NA,2110,B4I_2025_IA_2110,733997,IL22-2364,2,NA,1,"15,NA","4,NA",,,,,,,
472208242,JHPY06LPOATN,LBCRMX9YPEOTN,109,PLNDP170057G,15,5,Q,524346,PLIL23-3434-201774456,1,200813077,NA,Non Randomized,NA,2109,B4I_2025_IA_2109,734104,IL23-3434,2,NA,1,"15,NA","5,NA",,,,,,,
472208241,JHPY06LPOATN,LBCRMX9YPEOTN,108,PLNDP250080Y,15,6,Q,524346,PLIL23-3655-200865867,1,200813141,NA,Non Randomized,NA,2108,B4I_2025_IA_2108,734234,IL23-3655,2,NA,1,"15,NA","6,NA",,,,,,,
472208240,JHPY06LPOATN,LBCRMX9YPEOTN,107,PLNDP170161Y,15,7,Q,524346,PLIL23-1228-200865794,1,200813088,NA,Non Randomized,NA,2107,B4I_2025_IA_2107,734131,IL23-1228,2,NA,1,"15,NA","7,NA",,,,,,,
472208239,JHPY06LPOATN,LBCRMX9YPEOTN,106,PLNDP170017G,15,8,Q,524346,PLIL23-652-200865916,1,200813069,NA,Non Randomized,NA,2106,B4I_2025_IA_2106,734186,IL23-652,2,NA,1,"15,NA","8,NA",,,,,,,
472208238,JHPY06LPOATN,LBCRMX9YPEOTN,105,PLNDP170101G,15,9,Q,524346,PLIL23-250-200865844,1,200813082,NA,Non Randomized,NA,2105,B4I_2025_IA_2105,733999,IL23-250,2,NA,1,"15,NA","9,NA",,,,,,,
472208246,JHPY06LPOATN,LBCRMX9YPEOTN,113,PLNDP250165Y,16,2,Q,524346,PLIL23-3675-200865871,1,201770403,NA,Non Randomized,NA,2113,B4I_2025_IA_2113,734032,IL23-3675,2,NA,1,"16,NA","2,NA",,,,,,,
472208247,JHPY06LPOATN,LBCRMX9YPEOTN,114,PLNDP250057G,16,3,Q,524346,PLIL21-4043-200865754,1,201770388,NA,Non Randomized,NA,2114,B4I_2025_IA_2114,734084,IL21-4043,2,NA,1,"16,NA","3,NA",,,,,,,
472208248,JHPY06LPOATN,LBCRMX9YPEOTN,115,PLNDP121714R,16,4,Q,524346,PLIL20-6928-200865748,1,200813044,NA,Non Randomized,NA,2115,B4I_2025_IA_2115,734190,IL20-6928,2,NA,1,"16,NA","4,NA",,,,,,,
472208249,JHPY06LPOATN,LBCRMX9YPEOTN,116,PLNDP170043G,16,5,Q,524346,PLIL23-4572-200865905,1,201770372,NA,Non Randomized,NA,2116,B4I_2025_IA_2116,734002,IL23-4572,2,NA,1,"16,NA","5,NA",,,,,,,
472208250,JHPY06LPOATN,LBCRMX9YPEOTN,117,PLNDP170039G,16,6,Q,524346,PLIL23-652-200865916,1,201770371,NA,Non Randomized,NA,2117,B4I_2025_IA_2117,733934,IL23-652,2,NA,1,"16,NA","6,NA",,,,,,,
472208251,JHPY06LPOATN,LBCRMX9YPEOTN,118,PLNDP170012G,16,7,Q,524346,PLIL21-5956-201774429,1,200813068,NA,Non Randomized,NA,2118,B4I_2025_IA_2118,734048,IL21-5956,2,NA,1,"16,NA","7,NA",,,,,,,
472208252,JHPY06LPOATN,LBCRMX9YPEOTN,119,PLNDP170181Y,16,8,Q,524346,PLIL23-4542-200865902,1,201770376,NA,Non Randomized,NA,2119,B4I_2025_IA_2119,734160,IL23-4542,2,NA,1,"16,NA","8,NA",,,,,,,
472208253,JHPY06LPOATN,LBCRMX9YPEOTN,120,PLNDP250095Y,16,9,Q,524346,PLIL23-943-200865929,1,200813152,NA,Non Randomized,NA,2120,B4I_2025_IA_2120,734273,IL23-943,2,NA,1,"16,NA","9,NA",,,,,,,
472208261,JHPY06LPOATN,LBCRMX9YPEOTN,128,PLNDP250038Y,17,2,Q,524346,PLIL23-1775-200865826,1,200813113,NA,Non Randomized,NA,2128,B4I_2025_IA_2128,734134,IL23-1775,2,NA,1,"17,NA","2,NA",,,,,,,
472208260,JHPY06LPOATN,LBCRMX9YPEOTN,127,PLNDP170001G,17,3,Q,524346,PLIL20-677-200865747,1,200813064,NA,Non Randomized,NA,2127,B4I_2025_IA_2127,734239,IL20-677,2,NA,1,"17,NA","3,NA",,,,,,,
472208259,JHPY06LPOATN,LBCRMX9YPEOTN,126,PLNDP250085Y,17,4,Q,524346,PLIL23-4554-200865904,1,200813144,NA,Non Randomized,NA,2126,B4I_2025_IA_2126,734278,IL23-4554,2,NA,1,"17,NA","4,NA",,,,,,,
472208258,JHPY06LPOATN,LBCRMX9YPEOTN,125,PLNDP150338Y,17,5,Q,524346,PLIL23-1847-200865829,1,200813058,NA,Non Randomized,NA,2125,B4I_2025_IA_2125,734083,IL23-1847,2,NA,1,"17,NA","5,NA",,,,,,,
472208257,JHPY06LPOATN,LBCRMX9YPEOTN,124,PLNDP170011G,17,6,Q,524346,PLIL23-2134-200865834,1,200813067,NA,Non Randomized,NA,2124,B4I_2025_IA_2124,734191,IL23-2134,2,NA,1,"17,NA","6,NA",,,,,,,
472208256,JHPY06LPOATN,LBCRMX9YPEOTN,123,PLNDP170153Y,17,7,Q,524346,PLIL21-5955-200865757,1,201770375,NA,Non Randomized,NA,2123,B4I_2025_IA_2123,734138,IL21-5955,2,NA,1,"17,NA","7,NA",,,,,,,
472208255,JHPY06LPOATN,LBCRMX9YPEOTN,122,PLNDP250166Y,17,8,Q,524346,PLIL21-753-200865759,1,200813212,NA,Non Randomized,NA,2122,B4I_2025_IA_2122,734175,IL21-753,2,NA,1,"17,NA","8,NA",,,,,,,
472208254,JHPY06LPOATN,LBCRMX9YPEOTN,121,PLNDP150221G,17,9,Q,524346,PLIL23-951-201774474,1,200813053,NA,Non Randomized,NA,2121,B4I_2025_IA_2121,734147,IL23-951,2,NA,1,"17,NA","9,NA",,,,,,,
472208262,JHPY06LPOATN,LBCRMX9YPEOTN,129,PLNDP170182Y,18,2,Q,524346,PLIL23-3731-201774459,1,201770377,NA,Non Randomized,NA,2129,B4I_2025_IA_2129,733993,IL23-3731,2,NA,1,"18,NA","2,NA",,,,,,,
472208263,JHPY06LPOATN,LBCRMX9YPEOTN,130,PLNDP250188G,18,3,Q,524346,PLIL23-1753-201774447,1,200813228,NA,Non Randomized,NA,2130,B4I_2025_IA_2130,734070,IL23-1753,2,NA,1,"18,NA","3,NA",,,,,,,
472208264,JHPY06LPOATN,LBCRMX9YPEOTN,131,PLNDP170011G,18,4,Q,524346,PLIL23-2134-200865834,1,200813067,NA,Non Randomized,NA,2131,B4I_2025_IA_2131,733947,IL23-2134,2,NA,1,"18,NA","4,NA",,,,,,,
472208265,JHPY06LPOATN,LBCRMX9YPEOTN,132,PLNDP140295G,18,5,Q,524346,PLIL23-1610-200865809,1,200813045,NA,Non Randomized,NA,2132,B4I_2025_IA_2132,733979,IL23-1610,2,NA,1,"18,NA","5,NA",,,,,,,
472208266,JHPY06LPOATN,LBCRMX9YPEOTN,133,PLNDP170028G,18,6,Q,524346,PLIL23-951-201774474,1,200813072,NA,Non Randomized,NA,2133,B4I_2025_IA_2133,733963,IL23-951,2,NA,1,"18,NA","6,NA",,,,,,,
472208267,JHPY06LPOATN,LBCRMX9YPEOTN,134,PLNDP250044Y,18,7,Q,524346,PLIL23-4555-201774466,1,201770382,NA,Non Randomized,NA,2134,B4I_2025_IA_2134,734014,IL23-4555,2,NA,1,"18,NA","7,NA",,,,,,,
472208268,JHPY06LPOATN,LBCRMX9YPEOTN,135,PLNDP250113G,18,8,Q,524346,PLIL23-524-201774468,1,200813169,NA,Non Randomized,NA,2135,B4I_2025_IA_2135,734256,IL23-524,2,NA,1,"18,NA","8,NA",,,,,,,
472208269,JHPY06LPOATN,LBCRMX9YPEOTN,136,PLNDP170182Y,18,9,Q,524346,PLIL23-1614-200865811,1,201770377,NA,Non Randomized,NA,2136,B4I_2025_IA_2136,734065,IL23-1614,2,NA,1,"18,NA","9,NA",,,,,,,
472208277,JHPY06LPOATN,LBCRMX9YPEOTN,144,PLNDP250164Y,19,2,Q,524346,PLIL23-3576-200865862,1,200813211,NA,Non Randomized,NA,2144,B4I_2025_IA_2144,734302,IL23-3576,2,NA,1,"19,NA","2,NA",,,,,,,
472208276,JHPY06LPOATN,LBCRMX9YPEOTN,143,PLNDP170099G,19,3,Q,524346,PLIL23-2034-200865833,1,200813081,NA,Non Randomized,NA,2143,B4I_2025_IA_2143,734251,IL23-2034,2,NA,1,"19,NA","3,NA",,,,,,,
472208275,JHPY06LPOATN,LBCRMX9YPEOTN,142,PLNDP170322Y,19,4,Q,524346,PLIL22-948-200865787,1,201770380,NA,Non Randomized,NA,2142,B4I_2025_IA_2142,734264,IL22-948,2,NA,1,"19,NA","4,NA",,,,,,,
472208274,JHPY06LPOATN,LBCRMX9YPEOTN,141,PLNDP150119G,19,5,Q,524346,PLIL23-1037-200865788,1,200813050,NA,Non Randomized,NA,2141,B4I_2025_IA_2141,734236,IL23-1037,2,NA,1,"19,NA","5,NA",,,,,,,
472208273,JHPY06LPOATN,LBCRMX9YPEOTN,140,PLNDP170011G,19,6,Q,524346,PLIL23-957-200865930,1,200813067,NA,Non Randomized,NA,2140,B4I_2025_IA_2140,734171,IL23-957,2,NA,1,"19,NA","6,NA",,,,,,,
472208272,JHPY06LPOATN,LBCRMX9YPEOTN,139,PLNDP250120G,19,7,Q,524346,PLIL20-6928-200865748,1,200813176,NA,Non Randomized,NA,2139,B4I_2025_IA_2139,734280,IL20-6928,2,NA,1,"19,NA","7,NA",,,,,,,
472208271,JHPY06LPOATN,LBCRMX9YPEOTN,138,PLNDP250158Y,19,8,Q,524346,PLIL23-3312-201774455,1,200813206,NA,Non Randomized,NA,2138,B4I_2025_IA_2138,733916,IL23-3312,2,NA,1,"19,NA","8,NA",,,,,,,
472208270,JHPY06LPOATN,LBCRMX9YPEOTN,137,PLNDP250052Y,19,9,Q,524346,PLIL23-771-200865920,1,200813121,NA,Non Randomized,NA,2137,B4I_2025_IA_2137,734058,IL23-771,2,NA,1,"19,NA","9,NA",,,,,,,
472208278,JHPY06LPOATN,LBCRMX9YPEOTN,145,PLNDP170336G,20,2,Q,524346,PLIL23-3857-200865885,1,200813100,NA,Non Randomized,NA,2145,B4I_2025_IA_2145,733973,IL23-3857,2,NA,1,"20,NA","2,NA",,,,,,,
472208279,JHPY06LPOATN,LBCRMX9YPEOTN,146,PLNDP250106G,20,3,Q,524346,PLIL23-1610-200865809,1,200813162,NA,Non Randomized,NA,2146,B4I_2025_IA_2146,734166,IL23-1610,2,NA,1,"20,NA","3,NA",,,,,,,
472208280,JHPY06LPOATN,LBCRMX9YPEOTN,147,PLNDP250121Y,20,4,Q,524346,PLIL23-271-200865849,1,200813177,NA,Non Randomized,NA,2147,B4I_2025_IA_2147,734150,IL23-271,2,NA,1,"20,NA","4,NA",,,,,,,
472208281,JHPY06LPOATN,LBCRMX9YPEOTN,148,PLNDP250064Y,20,5,Q,524346,PLIL23-1610-200865809,1,201770389,NA,Non Randomized,NA,2148,B4I_2025_IA_2148,734213,IL23-1610,2,NA,1,"20,NA","5,NA",,,,,,,
472208282,JHPY06LPOATN,LBCRMX9YPEOTN,149,PLNDP250136G,20,6,Q,524346,PLIL23-3874-200865886,1,201770397,NA,Non Randomized,NA,2149,B4I_2025_IA_2149,734081,IL23-3874,2,NA,1,"20,NA","6,NA",,,,,,,
472208283,JHPY06LPOATN,LBCRMX9YPEOTN,150,PLNDP250036Y,20,7,Q,524346,PLIL23-1115-200865789,1,200813111,NA,Non Randomized,NA,2150,B4I_2025_IA_2150,733969,IL23-1115,2,NA,1,"20,NA","7,NA",,,,,,,
472208284,JHPY06LPOATN,LBCRMX9YPEOTN,151,PLNDP250042Y,20,8,Q,524346,PLIL19-511-200865734,1,200813117,NA,Non Randomized,NA,2151,B4I_2025_IA_2151,734043,IL19-511,2,NA,1,"20,NA","8,NA",,,,,,,
472208285,JHPY06LPOATN,LBCRMX9YPEOTN,152,PLNDP250160Y,20,9,Q,524346,PLIL23-2942-200865851,1,200813208,NA,Non Randomized,NA,2152,B4I_2025_IA_2152,734069,IL23-2942,2,NA,1,"20,NA","9,NA",,,,,,,
472208293,JHPY06LPOATN,LBCRMX9YPEOTN,160,PLNDP250062Y,21,2,Q,524346,PLIL23-3572-200865861,1,200813129,NA,Non Randomized,NA,2160,B4I_2025_IA_2160,734194,IL23-3572,2,NA,1,"21,NA","2,NA",,,,,,,
472208292,JHPY06LPOATN,LBCRMX9YPEOTN,159,PLNDP250175Y,21,3,Q,524346,PLIL23-251-201774450,1,200813217,NA,Non Randomized,NA,2159,B4I_2025_IA_2159,734308,IL23-251,2,NA,1,"21,NA","3,NA",,,,,,,
472208291,JHPY06LPOATN,LBCRMX9YPEOTN,158,PLNDP250139G,21,4,Q,524346,PLIL23-1422-200865802,1,200813191,NA,Non Randomized,NA,2158,B4I_2025_IA_2158,734030,IL23-1422,2,NA,1,"21,NA","4,NA",,,,,,,
472208290,JHPY06LPOATN,LBCRMX9YPEOTN,157,PLNDP250160Y,21,5,Q,524346,PLIL21-3542-200865751,1,200813208,NA,Non Randomized,NA,2157,B4I_2025_IA_2157,733965,IL21-3542,2,NA,1,"21,NA","5,NA",,,,,,,
472208289,JHPY06LPOATN,LBCRMX9YPEOTN,156,PLNDP250045Y,21,6,Q,524346,PLIL23-911-200865925,1,200813118,NA,Non Randomized,NA,2156,B4I_2025_IA_2156,733981,IL23-911,2,NA,1,"21,NA","6,NA",,,,,,,
472208288,JHPY06LPOATN,LBCRMX9YPEOTN,155,PLNDP170039G,21,7,Q,524346,PLIL23-923-200865927,1,201770371,NA,Non Randomized,NA,2155,B4I_2025_IA_2155,734173,IL23-923,2,NA,1,"21,NA","7,NA",,,,,,,
472208287,JHPY06LPOATN,LBCRMX9YPEOTN,154,PLNDP150338Y,21,8,Q,524346,PLIL23-2963-201774454,1,200813058,NA,Non Randomized,NA,2154,B4I_2025_IA_2154,734112,IL23-2963,2,NA,1,"21,NA","8,NA",,,,,,,
472208286,JHPY06LPOATN,LBCRMX9YPEOTN,153,PLNDP150412G,21,9,Q,524346,PLIL19-3618-201774420,1,200813059,NA,Non Randomized,NA,2153,B4I_2025_IA_2153,734055,IL19-3618,2,NA,1,"21,NA","9,NA",,,,,,,
472208294,JHPY06LPOATN,LBCRMX9YPEOTN,161,PLNDP170156Y,22,2,Q,524346,PLIL21-5955-200865757,1,200813087,NA,Non Randomized,NA,2161,B4I_2025_IA_2161,734220,IL21-5955,2,NA,1,"22,NA","2,NA",,,,,,,
472208295,JHPY06LPOATN,LBCRMX9YPEOTN,162,PLNDP250086Y,22,3,Q,524346,PLIL23-251-201774450,1,200813145,NA,Non Randomized,NA,2162,B4I_2025_IA_2162,734292,IL23-251,2,NA,1,"22,NA","3,NA",,,,,,,
472208296,JHPY06LPOATN,LBCRMX9YPEOTN,163,PLNDP250066Y,22,4,Q,524346,PLIL23-3710-201774458,1,200813131,NA,Non Randomized,NA,2163,B4I_2025_IA_2163,734226,IL23-3710,2,NA,1,"22,NA","4,NA",,,,,,,
472208297,JHPY06LPOATN,LBCRMX9YPEOTN,164,PLNDP121714R,22,5,Q,524346,PLIL21-6257-200865758,1,200813044,NA,Non Randomized,NA,2164,B4I_2025_IA_2164,734268,IL21-6257,2,NA,1,"22,NA","5,NA",,,,,,,
472208298,JHPY06LPOATN,LBCRMX9YPEOTN,165,PLNDP250137G,22,6,Q,524346,PLIL23-1531-201774439,1,201770398,NA,Non Randomized,NA,2165,B4I_2025_IA_2165,733996,IL23-1531,2,NA,1,"22,NA","6,NA",,,,,,,
472208299,JHPY06LPOATN,LBCRMX9YPEOTN,166,PLNDP250116G,22,7,Q,524346,PLIL23-2371-200865840,1,200813172,NA,Non Randomized,NA,2166,B4I_2025_IA_2166,734183,IL23-2371,2,NA,1,"22,NA","7,NA",,,,,,,
472208300,JHPY06LPOATN,LBCRMX9YPEOTN,167,PLNDP170101G,22,8,Q,524346,PLIL20-7841-201774425,1,200813082,NA,Non Randomized,NA,2167,B4I_2025_IA_2167,734128,IL20-7841,2,NA,1,"22,NA","8,NA",,,,,,,
472208301,JHPY06LPOATN,LBCRMX9YPEOTN,168,PLNDP250033Y,22,9,Q,524346,PLIL19-3661-201774421,1,200813108,NA,Non Randomized,NA,2168,B4I_2025_IA_2168,734231,IL19-3661,2,NA,1,"22,NA","9,NA",,,,,,,
472208309,JHPY06LPOATN,LBCRMX9YPEOTN,176,PLNDP120083Y,23,2,Q,524346,PLIL23-1450-200865806,1,200813042,NA,Non Randomized,NA,2176,B4I_2025_IA_2176,734021,IL23-1450,2,NA,1,"23,NA","2,NA",,,,,,,
472208308,JHPY06LPOATN,LBCRMX9YPEOTN,175,PLNDP250172Y,23,3,Q,524346,PLIL23-939-200865928,1,201770406,NA,Non Randomized,NA,2175,B4I_2025_IA_2175,734207,IL23-939,2,NA,1,"23,NA","3,NA",,,,,,,
472208307,JHPY06LPOATN,LBCRMX9YPEOTN,174,PLNDP250165Y,23,4,Q,524346,PLIL23-1608-200865808,1,201770403,NA,Non Randomized,NA,2174,B4I_2025_IA_2174,733951,IL23-1608,2,NA,1,"23,NA","4,NA",,,,,,,
472208306,JHPY06LPOATN,LBCRMX9YPEOTN,173,PLNDP250135Y,23,5,Q,524346,PLIL23-3842-200865883,1,201770396,NA,Non Randomized,NA,2173,B4I_2025_IA_2173,734017,IL23-3842,2,NA,1,"23,NA","5,NA",,,,,,,
472208305,JHPY06LPOATN,LBCRMX9YPEOTN,172,PLNDP170328G,23,6,Q,524346,PLIL21-4011-200865752,1,200813099,NA,Non Randomized,NA,2172,B4I_2025_IA_2172,733920,IL21-4011,2,NA,1,"23,NA","6,NA",,,,,,,
472208304,JHPY06LPOATN,LBCRMX9YPEOTN,171,PLNDP170177Y,23,7,Q,524346,PLIL23-612-201774470,1,200813089,NA,Non Randomized,NA,2171,B4I_2025_IA_2171,734009,IL23-612,2,NA,1,"23,NA","7,NA",,,,,,,
472208303,JHPY06LPOATN,LBCRMX9YPEOTN,170,PLNDP250159Y,23,8,Q,524346,PLIL19-4556-200865732,1,200813207,NA,Non Randomized,NA,2170,B4I_2025_IA_2170,734031,IL19-4556,2,NA,1,"23,NA","8,NA",,,,,,,
472208302,JHPY06LPOATN,LBCRMX9YPEOTN,169,PLNDP170185Y,23,9,Q,524346,PLIL23-2458-200865842,1,201770378,NA,Non Randomized,NA,2169,B4I_2025_IA_2169,733932,IL23-2458,2,NA,1,"23,NA","9,NA",,,,,,,
472208310,JHPY06LPOATN,LBCRMX9YPEOTN,177,PLNDP170133G,24,2,Q,524346,PLIL23-3443-201774457,1,200813085,NA,Non Randomized,NA,2177,B4I_2025_IA_2177,734102,IL23-3443,2,NA,1,"24,NA","2,NA",,,,,,,
472208311,JHPY06LPOATN,LBCRMX9YPEOTN,178,PLNDP250028Y,24,3,Q,524346,PLIL23-1531-201774439,1,200813103,NA,Non Randomized,NA,2178,B4I_2025_IA_2178,733970,IL23-1531,2,NA,1,"24,NA","3,NA",,,,,,,
472208312,JHPY06LPOATN,LBCRMX9YPEOTN,179,PLNDP250179Y,24,4,Q,524346,PLIL23-1815-200865828,1,200813221,NA,Non Randomized,NA,2179,B4I_2025_IA_2179,734137,IL23-1815,2,NA,1,"24,NA","4,NA",,,,,,,
472208313,JHPY06LPOATN,LBCRMX9YPEOTN,180,PLNDP170322Y,24,5,Q,524346,PLIL23-1225-200865793,1,201770380,NA,Non Randomized,NA,2180,B4I_2025_IA_2180,734244,IL23-1225,2,NA,1,"24,NA","5,NA",,,,,,,
472208314,JHPY06LPOATN,LBCRMX9YPEOTN,181,PLNDP250113G,24,6,Q,524346,PLIL23-3829-200865880,1,200813169,NA,Non Randomized,NA,2181,B4I_2025_IA_2181,734177,IL23-3829,2,NA,1,"24,NA","6,NA",,,,,,,
472208315,JHPY06LPOATN,LBCRMX9YPEOTN,182,PLNDP250139G,24,7,Q,524346,PLIL23-1422-200865802,1,200813191,NA,Non Randomized,NA,2182,B4I_2025_IA_2182,734143,IL23-1422,2,NA,1,"24,NA","7,NA",,,,,,,
472208316,JHPY06LPOATN,LBCRMX9YPEOTN,183,PLNDP170328G,24,8,Q,524346,PLIL23-4546-200865903,1,200813099,NA,Non Randomized,NA,2183,B4I_2025_IA_2183,734161,IL23-4546,2,NA,1,"24,NA","8,NA",,,,,,,
472208317,JHPY06LPOATN,LBCRMX9YPEOTN,184,PLNDP120083Y,24,9,Q,524346,PLIL19-6432-200865739,1,200813042,NA,Non Randomized,NA,2184,B4I_2025_IA_2184,734119,IL19-6432,2,NA,1,"24,NA","9,NA",,,,,,,
472208325,JHPY06LPOATN,LBCRMX9YPEOTN,192,PLNDP250073Y,25,2,Q,524346,PLIL23-1959-200865830,1,201770392,NA,Non Randomized,NA,2192,B4I_2025_IA_2192,733966,IL23-1959,2,NA,1,"25,NA","2,NA",,,,,,,
472208324,JHPY06LPOATN,LBCRMX9YPEOTN,191,PLNDP250174Y,25,3,Q,524346,PLIL22-4169-200865776,1,200813216,NA,Non Randomized,NA,2191,B4I_2025_IA_2191,733990,IL22-4169,2,NA,1,"25,NA","3,NA",,,,,,,
472208323,JHPY06LPOATN,LBCRMX9YPEOTN,190,PLNDP250137G,25,4,Q,524346,PLIL19-1222-200865729,1,201770398,NA,Non Randomized,NA,2190,B4I_2025_IA_2190,734060,IL19-1222,2,NA,1,"25,NA","4,NA",,,,,,,
472208322,JHPY06LPOATN,LBCRMX9YPEOTN,189,PLND VICTORY,25,5,Q,524346,PLIL23-3874-200865886,1,200813041,NA,Non Randomized,NA,2189,B4I_2025_IA_2189,733950,IL23-3874,2,NA,1,"25,NA","5,NA",,,,,,,
472208321,JHPY06LPOATN,LBCRMX9YPEOTN,188,PLNDP170084G,25,6,Q,524346,PLIL23-543-200865913,1,200813078,NA,Non Randomized,NA,2188,B4I_2025_IA_2188,734201,IL23-543,2,NA,1,"25,NA","6,NA",,,,,,,
472208320,JHPY06LPOATN,LBCRMX9YPEOTN,187,PLNDP250051Y,25,7,Q,524346,PLIL23-423-200865894,1,201770386,NA,Non Randomized,NA,2187,B4I_2025_IA_2187,734260,IL23-423,2,NA,1,"25,NA","7,NA",,,,,,,
472208319,JHPY06LPOATN,LBCRMX9YPEOTN,186,PLNDP150338Y,25,8,Q,524346,PLIL17-1704-201774419,1,200813058,NA,Non Randomized,NA,2186,B4I_2025_IA_2186,734245,IL17-1704,2,NA,1,"25,NA","8,NA",,,,,,,
472208318,JHPY06LPOATN,LBCRMX9YPEOTN,185,PLNDP170099G,25,9,Q,524346,PLIL22-251-201774432,1,200813081,NA,Non Randomized,NA,2185,B4I_2025_IA_2185,734061,IL22-251,2,NA,1,"25,NA","9,NA",,,,,,,
472208326,JHPY06LPOATN,LBCRMX9YPEOTN,193,PLNDP170101G,26,2,Q,524346,PLIL23-1462-201774438,1,200813082,NA,Non Randomized,NA,2193,B4I_2025_IA_2193,733978,IL23-1462,2,NA,1,"26,NA","2,NA",,,,,,,
472208327,JHPY06LPOATN,LBCRMX9YPEOTN,194,PLNDP250070Y,26,3,Q,524346,PLIL23-4835-200865910,1,200813135,NA,Non Randomized,NA,2194,B4I_2025_IA_2194,733918,IL23-4835,2,NA,1,"26,NA","3,NA",,,,,,,
472208328,JHPY06LPOATN,LBCRMX9YPEOTN,195,PLNDP170111G,26,4,Q,524346,PLIL23-1608-200865808,1,200813084,NA,Non Randomized,NA,2195,B4I_2025_IA_2195,734242,IL23-1608,2,NA,1,"26,NA","4,NA",,,,,,,
472208329,JHPY06LPOATN,LBCRMX9YPEOTN,196,PLNDP250119G,26,5,Q,524346,PLIL23-2010-200865831,1,200813175,NA,Non Randomized,NA,2196,B4I_2025_IA_2196,734057,IL23-2010,2,NA,1,"26,NA","5,NA",,,,,,,
472208330,JHPY06LPOATN,LBCRMX9YPEOTN,197,PLNDP250031Y,26,6,Q,524346,PLIL23-4252-200865896,1,200813106,NA,Non Randomized,NA,2197,B4I_2025_IA_2197,734066,IL23-4252,2,NA,1,"26,NA","6,NA",,,,,,,
472208331,JHPY06LPOATN,LBCRMX9YPEOTN,198,PLNDP150232Y,26,7,Q,524346,PLIL23-1623-200865814,1,200813057,NA,Non Randomized,NA,2198,B4I_2025_IA_2198,734011,IL23-1623,2,NA,1,"26,NA","7,NA",,,,,,,
472208332,JHPY06LPOATN,LBCRMX9YPEOTN,199,PLNDP250150G,26,8,Q,524346,PLIL23-1819-201774448,1,200813200,NA,Non Randomized,NA,2199,B4I_2025_IA_2199,733968,IL23-1819,2,NA,1,"26,NA","8,NA",,,,,,,
472208333,JHPY06LPOATN,LBCRMX9YPEOTN,200,PLNDP150223G,26,9,Q,524346,PLIL23-259-200865845,1,200813054,NA,Non Randomized,NA,2200,B4I_2025_IA_2200,734078,IL23-259,2,NA,1,"26,NA","9,NA",,,,,,,
472208341,JHPY06LPOATN,LBCRMX9YPEOTN,208,PLNDP150412G,27,2,Q,524346,PLIL23-1666-201774446,1,200813059,NA,Non Randomized,NA,2208,B4I_2025_IA_2208,733933,IL23-1666,2,NA,1,"27,NA","2,NA",,,,,,,
472208340,JHPY06LPOATN,LBCRMX9YPEOTN,207,PLNDP150412G,27,3,Q,524346,PLIL21-4178-201774428,1,200813059,NA,Non Randomized,NA,2207,B4I_2025_IA_2207,734049,IL21-4178,2,NA,1,"27,NA","3,NA",,,,,,,
472208339,JHPY06LPOATN,LBCRMX9YPEOTN,206,PLNDP250140G,27,4,Q,524346,PLIL19-2673-200865731,1,201770399,NA,Non Randomized,NA,2206,B4I_2025_IA_2206,734082,IL19-2673,2,NA,1,"27,NA","4,NA",,,,,,,
472208338,JHPY06LPOATN,LBCRMX9YPEOTN,205,PLNDP250081Y,27,5,Q,524346,PLIL19-6345-200865737,1,200813142,NA,Non Randomized,NA,2205,B4I_2025_IA_2205,734277,IL19-6345,2,NA,1,"27,NA","5,NA",,,,,,,
472208337,JHPY06LPOATN,LBCRMX9YPEOTN,204,PLNDP250124Y,27,6,Q,524346,PLIL20-746-201774424,1,200813180,NA,Non Randomized,NA,2204,B4I_2025_IA_2204,734001,IL20-746,2,NA,1,"27,NA","6,NA",,,,,,,
472208336,JHPY06LPOATN,LBCRMX9YPEOTN,203,PLNDP170084G,27,7,Q,524346,PLIL22-2662-200865770,1,200813078,NA,Non Randomized,NA,2203,B4I_2025_IA_2203,733941,IL22-2662,2,NA,1,"27,NA","7,NA",,,,,,,
472208335,JHPY06LPOATN,LBCRMX9YPEOTN,202,PLNDP170156Y,27,8,Q,524346,PLIL23-971-200865932,1,200813087,NA,Non Randomized,NA,2202,B4I_2025_IA_2202,733982,IL23-971,2,NA,1,"27,NA","8,NA",,,,,,,
472208334,JHPY06LPOATN,LBCRMX9YPEOTN,201,PLNDP250152Y,27,9,Q,524346,PLIL23-3312-201774455,1,200813202,NA,Non Randomized,NA,2201,B4I_2025_IA_2201,733957,IL23-3312,2,NA,1,"27,NA","9,NA",,,,,,,
472208342,JHPY06LPOATN,LBCRMX9YPEOTN,209,PLNDP150070G,28,2,Q,524346,PLIL22-2231-200865766,1,200813047,NA,Non Randomized,NA,2209,B4I_2025_IA_2209,734174,IL22-2231,2,NA,1,"28,NA","2,NA",,,,,,,
472208343,JHPY06LPOATN,LBCRMX9YPEOTN,210,PLNDP250132Y,28,3,Q,524346,PLIL23-1163-200865790,1,200813187,NA,Non Randomized,NA,2210,B4I_2025_IA_2210,734275,IL23-1163,2,NA,1,"28,NA","3,NA",,,,,,,
472208344,JHPY06LPOATN,LBCRMX9YPEOTN,211,PLNDP250082Y,28,4,Q,524346,PLIL20-615-201774423,1,201770393,NA,Non Randomized,NA,2211,B4I_2025_IA_2211,734153,IL20-615,2,NA,1,"28,NA","4,NA",,,,,,,
472208345,JHPY06LPOATN,LBCRMX9YPEOTN,212,PLNDP170273Y,28,5,Q,524346,PLIL23-3731-201774459,1,200813098,NA,Non Randomized,NA,2212,B4I_2025_IA_2212,734181,IL23-3731,2,NA,1,"28,NA","5,NA",,,,,,,
472208346,JHPY06LPOATN,LBCRMX9YPEOTN,213,PLNDP250035G,28,6,Q,524346,PLIL23-2021-200865832,1,200813110,NA,Non Randomized,NA,2213,B4I_2025_IA_2213,734142,IL23-2021,2,NA,1,"28,NA","6,NA",,,,,,,
472208347,JHPY06LPOATN,LBCRMX9YPEOTN,214,PLNDP170161Y,28,7,Q,524346,PLIL23-1547-201774440,1,200813088,NA,Non Randomized,NA,2214,B4I_2025_IA_2214,734188,IL23-1547,2,NA,1,"28,NA","7,NA",,,,,,,
472208348,JHPY06LPOATN,LBCRMX9YPEOTN,215,PLNDP250043Y,28,8,Q,524346,PLIL23-4575-201774467,1,201770381,NA,Non Randomized,NA,2215,B4I_2025_IA_2215,734077,IL23-4575,2,NA,1,"28,NA","8,NA",,,,,,,
472208349,JHPY06LPOATN,LBCRMX9YPEOTN,216,PLNDP150106G,28,9,Q,524346,PLIL20-5913-200865745,1,200813049,NA,Non Randomized,NA,2216,B4I_2025_IA_2216,734274,IL20-5913,2,NA,1,"28,NA","9,NA",,,,,,,
472208357,JHPY06LPOATN,LBCRMX9YPEOTN,224,PLNDP250048Y,29,2,Q,524346,PLIL23-739-200865919,1,201770385,NA,Non Randomized,NA,2224,B4I_2025_IA_2224,734080,IL23-739,2,NA,1,"29,NA","2,NA",,,,,,,
472208356,JHPY06LPOATN,LBCRMX9YPEOTN,223,PLNDP250144G,29,3,Q,524346,PLIL23-2458-200865842,1,200813194,NA,Non Randomized,NA,2223,B4I_2025_IA_2223,734041,IL23-2458,2,NA,1,"29,NA","3,NA",,,,,,,
472208355,JHPY06LPOATN,LBCRMX9YPEOTN,222,PLNDP250133G,29,4,Q,524346,PLIL23-4554-200865904,1,200813188,NA,Non Randomized,NA,2222,B4I_2025_IA_2222,734101,IL23-4554,2,NA,1,"29,NA","4,NA",,,,,,,
472208354,JHPY06LPOATN,LBCRMX9YPEOTN,221,PLNDP250155Y,29,5,Q,524346,PLIL23-3335-200865854,1,200813204,NA,Non Randomized,NA,2221,B4I_2025_IA_2221,734025,IL23-3335,2,NA,1,"29,NA","5,NA",,,,,,,
472208353,JHPY06LPOATN,LBCRMX9YPEOTN,220,PLNDP250150G,29,6,Q,524346,PLIL22-1423-200865764,1,200813200,NA,Non Randomized,NA,2220,B4I_2025_IA_2220,734000,IL22-1423,2,NA,1,"29,NA","6,NA",,,,,,,
472208352,JHPY06LPOATN,LBCRMX9YPEOTN,219,PLNDP250166Y,29,7,Q,524346,PLIL17-1704-201774419,1,200813212,NA,Non Randomized,NA,2219,B4I_2025_IA_2219,734111,IL17-1704,2,NA,1,"29,NA","7,NA",,,,,,,
472208351,JHPY06LPOATN,LBCRMX9YPEOTN,218,PLNDP250042Y,29,8,Q,524346,PLIL23-247-200865843,1,200813117,NA,Non Randomized,NA,2218,B4I_2025_IA_2218,734130,IL23-247,2,NA,1,"29,NA","8,NA",,,,,,,
472208350,JHPY06LPOATN,LBCRMX9YPEOTN,217,PLNDP250166Y,29,9,Q,524346,PLIL23-2942-200865851,1,200813212,NA,Non Randomized,NA,2217,B4I_2025_IA_2217,734235,IL23-2942,2,NA,1,"29,NA","9,NA",,,,,,,
472208358,JHPY06LPOATN,LBCRMX9YPEOTN,225,PLNDP250114G,30,2,Q,524346,PLIL23-621-200865915,1,200813170,NA,Non Randomized,NA,2225,B4I_2025_IA_2225,734185,IL23-621,2,NA,1,"30,NA","2,NA",,,,,,,
472208359,JHPY06LPOATN,LBCRMX9YPEOTN,226,PLNDP150179Y,30,3,Q,524346,PLIL23-3838-200865882,1,200813051,NA,Non Randomized,NA,2226,B4I_2025_IA_2226,733998,IL23-3838,2,NA,1,"30,NA","3,NA",,,,,,,
472208360,JHPY06LPOATN,LBCRMX9YPEOTN,227,PLNDP250114G,30,4,Q,524346,PLIL23-2371-200865840,1,200813170,NA,Non Randomized,NA,2227,B4I_2025_IA_2227,733930,IL23-2371,2,NA,1,"30,NA","4,NA",,,,,,,
472208361,JHPY06LPOATN,LBCRMX9YPEOTN,228,PLNDP250093Y,30,5,Q,524346,PLIL23-1414-200865800,1,200813150,NA,Non Randomized,NA,2228,B4I_2025_IA_2228,734047,IL23-1414,2,NA,1,"30,NA","5,NA",,,,,,,
472208362,JHPY06LPOATN,LBCRMX9YPEOTN,229,PLNDP250047Y,30,6,Q,524346,PLIL23-1364-200865798,1,201770384,NA,Non Randomized,NA,2229,B4I_2025_IA_2229,734285,IL23-1364,2,NA,1,"30,NA","6,NA",,,,,,,
472208363,JHPY06LPOATN,LBCRMX9YPEOTN,230,PLNDP250068Y,30,7,Q,524346,PLIL23-3826-200865878,1,200813133,NA,Non Randomized,NA,2230,B4I_2025_IA_2230,734199,IL23-3826,2,NA,1,"30,NA","7,NA",,,,,,,
472208364,JHPY06LPOATN,LBCRMX9YPEOTN,231,PLNDP250097Y,30,8,Q,524346,PLIL23-1450-200865806,1,200813154,NA,Non Randomized,NA,2231,B4I_2025_IA_2231,734222,IL23-1450,2,NA,1,"30,NA","8,NA",,,,,,,
472208365,JHPY06LPOATN,LBCRMX9YPEOTN,232,PLNDP120083Y,30,9,Q,524346,PLIL19-4556-200865732,1,200813042,NA,Non Randomized,NA,2232,B4I_2025_IA_2232,734299,IL19-4556,2,NA,1,"30,NA","9,NA",,,,,,,
472208373,JHPY06LPOATN,LBCRMX9YPEOTN,240,PLNDP170031G,31,2,Q,524346,PLIL23-247-200865843,1,200813073,NA,Non Randomized,NA,2240,B4I_2025_IA_2240,734106,IL23-247,2,NA,1,"31,NA","2,NA",,,,,,,
472208372,JHPY06LPOATN,LBCRMX9YPEOTN,239,PLNDP170133G,31,3,Q,524346,PLIL23-763-201774473,1,200813085,NA,Non Randomized,NA,2239,B4I_2025_IA_2239,733994,IL23-763,2,NA,1,"31,NA","3,NA",,,,,,,
472208371,JHPY06LPOATN,LBCRMX9YPEOTN,238,PLNDP250039Y,31,4,Q,524346,PLIL23-3572-200865861,1,200813114,NA,Non Randomized,NA,2238,B4I_2025_IA_2238,734246,IL23-3572,2,NA,1,"31,NA","4,NA",,,,,,,
472208370,JHPY06LPOATN,LBCRMX9YPEOTN,237,PLNDP250030Y,31,5,Q,524346,PLIL19-1222-200865729,1,200813105,NA,Non Randomized,NA,2237,B4I_2025_IA_2237,734122,IL19-1222,2,NA,1,"31,NA","5,NA",,,,,,,
472208369,JHPY06LPOATN,LBCRMX9YPEOTN,236,PLNDP170202Y,31,6,Q,524346,PLIL23-3337-200865855,1,200813092,NA,Non Randomized,NA,2236,B4I_2025_IA_2236,734202,IL23-3337,2,NA,1,"31,NA","6,NA",,,,,,,
472208368,JHPY06LPOATN,LBCRMX9YPEOTN,235,PLND DAWN,31,7,Q,524346,PLIL22-2662-200865770,1,200813040,NA,Non Randomized,NA,2235,B4I_2025_IA_2235,734015,IL22-2662,2,NA,1,"31,NA","7,NA",,,,,,,
472208367,JHPY06LPOATN,LBCRMX9YPEOTN,234,PLNDP250030Y,31,8,Q,524346,PLIL23-612-201774470,1,200813105,NA,Non Randomized,NA,2234,B4I_2025_IA_2234,734262,IL23-612,2,NA,1,"31,NA","8,NA",,,,,,,
472208366,JHPY06LPOATN,LBCRMX9YPEOTN,233,PLNDP250105G,31,9,Q,524346,PLIL23-2010-200865831,1,200813161,NA,Non Randomized,NA,2233,B4I_2025_IA_2233,734205,IL23-2010,2,NA,1,"31,NA","9,NA",,,,,,,
472208374,JHPY06LPOATN,LBCRMX9YPEOTN,241,PLNDP250149G,32,2,Q,524346,PLIL23-4722-200865908,1,200813199,NA,Non Randomized,NA,2241,B4I_2025_IA_2241,733929,IL23-4722,2,NA,1,"32,NA","2,NA",,,,,,,
472208375,JHPY06LPOATN,LBCRMX9YPEOTN,242,PLNDP250174Y,32,3,Q,524346,PLIL23-1669-200865824,1,200813216,NA,Non Randomized,NA,2242,B4I_2025_IA_2242,734010,IL23-1669,2,NA,1,"32,NA","3,NA",,,,,,,
472208376,JHPY06LPOATN,LBCRMX9YPEOTN,243,PLNDP250046Y,32,4,Q,524346,PLIL23-3751-201774460,1,201770383,NA,Non Randomized,NA,2243,B4I_2025_IA_2243,733914,IL23-3751,2,NA,1,"32,NA","4,NA",,,,,,,
472208377,JHPY06LPOATN,LBCRMX9YPEOTN,244,PLNDP250150G,32,5,Q,524346,PLIL23-4079-201774461,1,200813200,NA,Non Randomized,NA,2244,B4I_2025_IA_2244,733974,IL23-4079,2,NA,1,"32,NA","5,NA",,,,,,,
472208378,JHPY06LPOATN,LBCRMX9YPEOTN,245,PLNDP250122Y,32,6,Q,524346,PLIL23-4721-200865907,1,200813178,NA,Non Randomized,NA,2245,B4I_2025_IA_2245,734309,IL23-4721,2,NA,1,"32,NA","6,NA",,,,,,,
472208379,JHPY06LPOATN,LBCRMX9YPEOTN,246,PLNDP150106G,32,7,Q,524346,PLIL19-5467-200865736,1,200813049,NA,Non Randomized,NA,2246,B4I_2025_IA_2246,734107,IL19-5467,2,NA,1,"32,NA","7,NA",,,,,,,
472208380,JHPY06LPOATN,LBCRMX9YPEOTN,247,PLNDP250101Y,32,8,Q,524346,PLIL23-4274-200865898,1,200813158,NA,Non Randomized,NA,2247,B4I_2025_IA_2247,734026,IL23-4274,2,NA,1,"32,NA","8,NA",,,,,,,
472208381,JHPY06LPOATN,LBCRMX9YPEOTN,248,PLNDP170177Y,32,9,Q,524346,PLIL23-612-201774470,1,200813089,NA,Non Randomized,NA,2248,B4I_2025_IA_2248,733960,IL23-612,2,NA,1,"32,NA","9,NA",,,,,,,
472208389,JHPY06LPOATN,LBCRMX9YPEOTN,256,PLNDP250078Y,33,2,Q,524346,PLIL20-1037-200865744,1,200813139,NA,Non Randomized,NA,2256,B4I_2025_IA_2256,734300,IL20-1037,2,NA,1,"33,NA","2,NA",,,,,,,
472208388,JHPY06LPOATN,LBCRMX9YPEOTN,255,PLNDP250071Y,33,3,Q,524346,PLIL23-4746-200865909,1,201770391,NA,Non Randomized,NA,2255,B4I_2025_IA_2255,734103,IL23-4746,2,NA,1,"33,NA","3,NA",,,,,,,
472208387,JHPY06LPOATN,LBCRMX9YPEOTN,254,PLNDP250164Y,33,4,Q,524346,PLIL21-8143-200865762,1,200813211,NA,Non Randomized,NA,2254,B4I_2025_IA_2254,734163,IL21-8143,2,NA,1,"33,NA","4,NA",,,,,,,
472208386,JHPY06LPOATN,LBCRMX9YPEOTN,253,PLNDP250166Y,33,5,Q,524346,PLIL21-753-200865759,1,200813212,NA,Non Randomized,NA,2253,B4I_2025_IA_2253,734120,IL21-753,2,NA,1,"33,NA","5,NA",,,,,,,
472208385,JHPY06LPOATN,LBCRMX9YPEOTN,252,PLNDP250123Y,33,6,Q,524346,PLIL22-3365-200865773,1,200813179,NA,Non Randomized,NA,2252,B4I_2025_IA_2252,734203,IL22-3365,2,NA,1,"33,NA","6,NA",,,,,,,
472208384,JHPY06LPOATN,LBCRMX9YPEOTN,251,PLNDP250027G,33,7,Q,524346,PLIL23-939-200865928,1,200813102,NA,Non Randomized,NA,2251,B4I_2025_IA_2251,734135,IL23-939,2,NA,1,"33,NA","7,NA",,,,,,,
472208383,JHPY06LPOATN,LBCRMX9YPEOTN,250,PLNDP250144G,33,8,Q,524346,PLIL21-7653-200865760,1,200813194,NA,Non Randomized,NA,2250,B4I_2025_IA_2250,734311,IL21-7653,2,NA,1,"33,NA","8,NA",,,,,,,
472208382,JHPY06LPOATN,LBCRMX9YPEOTN,249,PLNDP121714R,33,9,Q,524346,PLIL19-3618-201774420,1,200813044,NA,Non Randomized,NA,2249,B4I_2025_IA_2249,734193,IL19-3618,2,NA,1,"33,NA","9,NA",,,,,,,
472208390,JHPY06LPOATN,LBCRMX9YPEOTN,257,PLNDP250096Y,34,2,Q,524346,PLIL23-3754-200865873,1,200813153,NA,Non Randomized,NA,2257,B4I_2025_IA_2257,734206,IL23-3754,2,NA,1,"34,NA","2,NA",,,,,,,
472208391,JHPY06LPOATN,LBCRMX9YPEOTN,258,PLNDP150476G,34,3,Q,524346,PLIL23-4118-200865890,1,201770369,NA,Non Randomized,NA,2258,B4I_2025_IA_2258,734144,IL23-4118,2,NA,1,"34,NA","3,NA",,,,,,,
472208392,JHPY06LPOATN,LBCRMX9YPEOTN,259,PLNDP250149G,34,4,Q,524346,PLIL23-621-200865915,1,200813199,NA,Non Randomized,NA,2259,B4I_2025_IA_2259,733971,IL23-621,2,NA,1,"34,NA","4,NA",,,,,,,
472208393,JHPY06LPOATN,LBCRMX9YPEOTN,260,PLNDP170322Y,34,5,Q,524346,PLIL23-1424-200865804,1,201770380,NA,Non Randomized,NA,2260,B4I_2025_IA_2260,734075,IL23-1424,2,NA,1,"34,NA","5,NA",,,,,,,
472208394,JHPY06LPOATN,LBCRMX9YPEOTN,261,PLNDP250183G,34,6,Q,524346,PLIL23-660-201774471,1,201770407,NA,Non Randomized,NA,2261,B4I_2025_IA_2261,733953,IL23-660,2,NA,1,"34,NA","6,NA",,,,,,,
472208395,JHPY06LPOATN,LBCRMX9YPEOTN,262,PLNDP250118G,34,7,Q,524346,PLIL23-951-201774474,1,200813174,NA,Non Randomized,NA,2262,B4I_2025_IA_2262,733984,IL23-951,2,NA,1,"34,NA","7,NA",,,,,,,
472208396,JHPY06LPOATN,LBCRMX9YPEOTN,263,PLNDP250087Y,34,8,Q,524346,PLIL23-2942-200865851,1,201770394,NA,Non Randomized,NA,2263,B4I_2025_IA_2263,733944,IL23-2942,2,NA,1,"34,NA","8,NA",,,,,,,
472208397,JHPY06LPOATN,LBCRMX9YPEOTN,264,PLNDP170133G,34,9,Q,524346,PLIL23-3826-200865878,1,200813085,NA,Non Randomized,NA,2264,B4I_2025_IA_2264,734006,IL23-3826,2,NA,1,"34,NA","9,NA",,,,,,,
472208405,JHPY06LPOATN,LBCRMX9YPEOTN,272,PLNDP170094Y,35,2,Q,524346,PLIL20-8320-200865749,1,200813080,NA,Non Randomized,NA,2272,B4I_2025_IA_2272,734243,IL20-8320,2,NA,1,"35,NA","2,NA",,,,,,,
472208404,JHPY06LPOATN,LBCRMX9YPEOTN,271,PLNDP250027G,35,3,Q,524346,PLIL23-1847-200865829,1,200813102,NA,Non Randomized,NA,2271,B4I_2025_IA_2271,734270,IL23-1847,2,NA,1,"35,NA","3,NA",,,,,,,
472208403,JHPY06LPOATN,LBCRMX9YPEOTN,270,PLNDP170336G,35,4,Q,524346,PLIL23-4049-200865889,1,200813100,NA,Non Randomized,NA,2270,B4I_2025_IA_2270,734146,IL23-4049,2,NA,1,"35,NA","4,NA",,,,,,,
472208402,JHPY06LPOATN,LBCRMX9YPEOTN,269,PLNDP170156Y,35,5,Q,524346,PLIL23-3838-200865882,1,200813087,NA,Non Randomized,NA,2269,B4I_2025_IA_2269,734232,IL23-3838,2,NA,1,"35,NA","5,NA",,,,,,,
472208401,JHPY06LPOATN,LBCRMX9YPEOTN,268,PLNDP150084Y,35,6,Q,524346,PLIL23-1613-200865810,1,200813048,NA,Non Randomized,NA,2268,B4I_2025_IA_2268,733939,IL23-1613,2,NA,1,"35,NA","6,NA",,,,,,,
472208400,JHPY06LPOATN,LBCRMX9YPEOTN,267,PLNDP170273Y,35,7,Q,524346,PLIL23-3842-200865883,1,200813098,NA,Non Randomized,NA,2267,B4I_2025_IA_2267,734050,IL23-3842,2,NA,1,"35,NA","7,NA",,,,,,,
472208399,JHPY06LPOATN,LBCRMX9YPEOTN,266,PLNDP250124Y,35,8,Q,524346,PLIL23-660-201774471,1,200813180,NA,Non Randomized,NA,2266,B4I_2025_IA_2266,734086,IL23-660,2,NA,1,"35,NA","8,NA",,,,,,,
472208398,JHPY06LPOATN,LBCRMX9YPEOTN,265,PLNDP121714R,35,9,Q,524346,PLIL23-1666-201774446,1,200813044,NA,Non Randomized,NA,2265,B4I_2025_IA_2265,734283,IL23-1666,2,NA,1,"35,NA","9,NA",,,,,,,
472208406,JHPY06LPOATN,LBCRMX9YPEOTN,273,PLNDP170350Y,36,2,Q,524346,PLIL23-739-200865919,1,200813101,NA,Non Randomized,NA,2273,B4I_2025_IA_2273,734258,IL23-739,2,NA,1,"36,NA","2,NA",,,,,,,
472208407,JHPY06LPOATN,LBCRMX9YPEOTN,274,PLNDP170094Y,36,3,Q,524346,PLIL20-6928-200865748,1,200813080,NA,Non Randomized,NA,2274,B4I_2025_IA_2274,734218,IL20-6928,2,NA,1,"36,NA","3,NA",,,,,,,
472208408,JHPY06LPOATN,LBCRMX9YPEOTN,275,PLNDP250058G,36,4,Q,524346,PLIL22-1256-201774431,1,200813125,NA,Non Randomized,NA,2275,B4I_2025_IA_2275,733967,IL22-1256,2,NA,1,"36,NA","4,NA",,,,,,,
472208409,JHPY06LPOATN,LBCRMX9YPEOTN,276,PLND VICTORY,36,5,Q,524346,PLIL22-3958-200865774,1,200813041,NA,Non Randomized,NA,2276,B4I_2025_IA_2276,734158,IL22-3958,2,NA,1,"36,NA","5,NA",,,,,,,
472208410,JHPY06LPOATN,LBCRMX9YPEOTN,277,PLNDP160129G,36,6,Q,524346,PLIL23-1414-200865800,1,200813061,NA,Non Randomized,NA,2277,B4I_2025_IA_2277,734172,IL23-1414,2,NA,1,"36,NA","6,NA",,,,,,,
472208411,JHPY06LPOATN,LBCRMX9YPEOTN,278,PLNDP170008G,36,7,Q,524346,PLIL23-268-200865848,1,201770370,NA,Non Randomized,NA,2278,B4I_2025_IA_2278,734312,IL23-268,2,NA,1,"36,NA","7,NA",,,,,,,
472208412,JHPY06LPOATN,LBCRMX9YPEOTN,279,PLNDP250028Y,36,8,Q,524346,PLIL23-1859-201774449,1,200813103,NA,Non Randomized,NA,2279,B4I_2025_IA_2279,734040,IL23-1859,2,NA,1,"36,NA","8,NA",,,,,,,
472208413,JHPY06LPOATN,LBCRMX9YPEOTN,280,PLNDP170336G,36,9,Q,524346,PLIL23-1815-200865828,1,200813100,NA,Non Randomized,NA,2280,B4I_2025_IA_2280,733922,IL23-1815,2,NA,1,"36,NA","9,NA",,,,,,,
472208421,JHPY06LPOATN,LBCRMX9YPEOTN,288,PLNDP150210Y,37,2,Q,524346,PLIL23-1450-200865806,1,200813052,NA,Non Randomized,NA,2288,B4I_2025_IA_2288,734067,IL23-1450,2,NA,1,"37,NA","2,NA",,,,,,,
472208420,JHPY06LPOATN,LBCRMX9YPEOTN,287,PLNDP250130Y,37,3,Q,524346,PLIL23-4554-200865904,1,200813185,NA,Non Randomized,NA,2287,B4I_2025_IA_2287,734012,IL23-4554,2,NA,1,"37,NA","3,NA",,,,,,,
472208419,JHPY06LPOATN,LBCRMX9YPEOTN,286,PLNDP250054G,37,4,Q,524346,PLIL23-1450-200865806,1,201770387,NA,Non Randomized,NA,2286,B4I_2025_IA_2286,733915,IL23-1450,2,NA,1,"37,NA","4,NA",,,,,,,
472208418,JHPY06LPOATN,LBCRMX9YPEOTN,285,PLNDP250160Y,37,5,Q,524346,PLIL23-1450-200865806,1,200813208,NA,Non Randomized,NA,2285,B4I_2025_IA_2285,734118,IL23-1450,2,NA,1,"37,NA","5,NA",,,,,,,
472208417,JHPY06LPOATN,LBCRMX9YPEOTN,284,PLNDP250053G,37,6,Q,524346,PLIL23-1614-200865811,1,200813122,NA,Non Randomized,NA,2284,B4I_2025_IA_2284,734054,IL23-1614,2,NA,1,"37,NA","6,NA",,,,,,,
472208416,JHPY06LPOATN,LBCRMX9YPEOTN,283,PLNDP250092Y,37,7,Q,524346,PLIL21-7822-200865761,1,200813149,NA,Non Randomized,NA,2283,B4I_2025_IA_2283,734110,IL21-7822,2,NA,1,"37,NA","7,NA",,,,,,,
472208415,JHPY06LPOATN,LBCRMX9YPEOTN,282,PLNDP250048Y,37,8,Q,524346,PLIL23-739-200865919,1,201770385,NA,Non Randomized,NA,2282,B4I_2025_IA_2282,734029,IL23-739,2,NA,1,"37,NA","8,NA",,,,,,,
472208414,JHPY06LPOATN,LBCRMX9YPEOTN,281,PLNDP250065Y,37,9,Q,524346,PLIL23-4144-200865891,1,201770390,NA,Non Randomized,NA,2281,B4I_2025_IA_2281,734098,IL23-4144,2,NA,1,"37,NA","9,NA",,,,,,,
472208422,JHPY06LPOATN,LBCRMX9YPEOTN,289,PLNDP250067Y,38,2,Q,524346,PLIL23-377-200865876,1,200813132,NA,Non Randomized,NA,2289,B4I_2025_IA_2289,734221,IL23-377,2,NA,1,"38,NA","2,NA",,,,,,,
472208423,JHPY06LPOATN,LBCRMX9YPEOTN,290,PLNDP170350Y,38,3,Q,524346,PLIL19-2033-200865730,1,200813101,NA,Non Randomized,NA,2290,B4I_2025_IA_2290,734116,IL19-2033,2,NA,1,"38,NA","3,NA",,,,,,,
472208424,JHPY06LPOATN,LBCRMX9YPEOTN,291,PLNDP170110Y,38,4,Q,524346,PLIL22-3262-201774434,1,201770374,NA,Non Randomized,NA,2291,B4I_2025_IA_2291,734288,IL22-3262,2,NA,1,"38,NA","4,NA",,,,,,,
472208425,JHPY06LPOATN,LBCRMX9YPEOTN,292,PLNDP170022G,38,5,Q,524346,PLIL23-1628-200865815,1,200813070,NA,Non Randomized,NA,2292,B4I_2025_IA_2292,734209,IL23-1628,2,NA,1,"38,NA","5,NA",,,,,,,
472208426,JHPY06LPOATN,LBCRMX9YPEOTN,293,PLNDP250064Y,38,6,Q,524346,PLIL23-2554-201774451,1,201770389,NA,Non Randomized,NA,2293,B4I_2025_IA_2293,734297,IL23-2554,2,NA,1,"38,NA","6,NA",,,,,,,
472208427,JHPY06LPOATN,LBCRMX9YPEOTN,294,PLNDP250050Y,38,7,Q,524346,PLIL23-4444-201774463,1,200813120,NA,Non Randomized,NA,2294,B4I_2025_IA_2294,734247,IL23-4444,2,NA,1,"38,NA","7,NA",,,,,,,
472208428,JHPY06LPOATN,LBCRMX9YPEOTN,295,PLNDP250108G,38,8,Q,524346,PLIL22-2961-201774433,1,200813164,NA,Non Randomized,NA,2295,B4I_2025_IA_2295,733921,IL22-2961,2,NA,1,"38,NA","8,NA",,,,,,,
472208429,JHPY06LPOATN,LBCRMX9YPEOTN,296,PLNDP250164Y,38,9,Q,524346,PLIL21-5955-200865757,1,200813211,NA,Non Randomized,NA,2296,B4I_2025_IA_2296,734121,IL21-5955,2,NA,1,"38,NA","9,NA",,,,,,,
472208437,JHPY06LPOATN,LBCRMX9YPEOTN,304,PLNDP250134G,39,2,Q,524346,PLIL21-4178-201774428,1,200813189,NA,Non Randomized,NA,2304,B4I_2025_IA_2304,733986,IL21-4178,2,NA,1,"39,NA","2,NA",,,,,,,
472208436,JHPY06LPOATN,LBCRMX9YPEOTN,303,PLNDP250109G,39,3,Q,524346,PLIL23-558-200865914,1,200813165,NA,Non Randomized,NA,2303,B4I_2025_IA_2303,733935,IL23-558,2,NA,1,"39,NA","3,NA",,,,,,,
472208435,JHPY06LPOATN,LBCRMX9YPEOTN,302,PLNDP170084G,39,4,Q,524346,PLIL22-2850-200865771,1,200813078,NA,Non Randomized,NA,2302,B4I_2025_IA_2302,734008,IL22-2850,2,NA,1,"39,NA","4,NA",,,,,,,
472208434,JHPY06LPOATN,LBCRMX9YPEOTN,301,PLNDP170099G,39,5,Q,524346,PLIL23-1462-201774438,1,200813081,NA,Non Randomized,NA,2301,B4I_2025_IA_2301,733919,IL23-1462,2,NA,1,"39,NA","5,NA",,,,,,,
472208433,JHPY06LPOATN,LBCRMX9YPEOTN,300,PLNDP250098Y,39,6,Q,524346,PLIL23-524-201774468,1,200813155,NA,Non Randomized,NA,2300,B4I_2025_IA_2300,734096,IL23-524,2,NA,1,"39,NA","6,NA",,,,,,,
472208432,JHPY06LPOATN,LBCRMX9YPEOTN,299,PLNDP250132Y,39,7,Q,524346,PLIL19-4556-200865732,1,200813187,NA,Non Randomized,NA,2299,B4I_2025_IA_2299,734020,IL19-4556,2,NA,1,"39,NA","7,NA",,,,,,,
472208431,JHPY06LPOATN,LBCRMX9YPEOTN,298,PLNDP250076Y,39,8,Q,524346,PLIL23-1462-201774438,1,200813138,NA,Non Randomized,NA,2298,B4I_2025_IA_2298,734261,IL23-1462,2,NA,1,"39,NA","8,NA",,,,,,,
472208430,JHPY06LPOATN,LBCRMX9YPEOTN,297,PLND DAWN,39,9,Q,524346,PLIL23-1663-201774445,1,200813040,NA,Non Randomized,NA,2297,B4I_2025_IA_2297,734200,IL23-1663,2,NA,1,"39,NA","9,NA",,,,,,,
472208438,JHPY06LPOATN,LBCRMX9YPEOTN,305,PLNDP250070Y,40,2,Q,524346,PLIL23-260-200865846,1,200813135,NA,Non Randomized,NA,2305,B4I_2025_IA_2305,734287,IL23-260,2,NA,1,"40,NA","2,NA",,,,,,,
472208439,JHPY06LPOATN,LBCRMX9YPEOTN,306,PLNDP250159Y,40,3,Q,524346,PLIL23-1608-200865808,1,200813207,NA,Non Randomized,NA,2306,B4I_2025_IA_2306,734092,IL23-1608,2,NA,1,"40,NA","3,NA",,,,,,,
472208440,JHPY06LPOATN,LBCRMX9YPEOTN,307,PLNDP250170Y,40,4,Q,524346,PLIL23-4469-200865901,1,200813214,NA,Non Randomized,NA,2307,B4I_2025_IA_2307,734037,IL23-4469,2,NA,1,"40,NA","4,NA",,,,,,,
472208441,JHPY06LPOATN,LBCRMX9YPEOTN,308,PLNDP250055G,40,5,Q,524346,PLIL23-2751-200865850,1,200813123,NA,Non Randomized,NA,2308,B4I_2025_IA_2308,733943,IL23-2751,2,NA,1,"40,NA","5,NA",,,,,,,
472208442,JHPY06LPOATN,LBCRMX9YPEOTN,309,PLNDP250106G,40,6,Q,524346,PLIL23-4118-200865890,1,200813162,NA,Non Randomized,NA,2309,B4I_2025_IA_2309,734195,IL23-4118,2,NA,1,"40,NA","6,NA",,,,,,,
472208443,JHPY06LPOATN,LBCRMX9YPEOTN,310,PLNDP170252Y,40,7,Q,524346,PLIL23-1613-200865810,1,200813096,NA,Non Randomized,NA,2310,B4I_2025_IA_2310,734289,IL23-1613,2,NA,1,"40,NA","7,NA",,,,,,,
472208444,JHPY06LPOATN,LBCRMX9YPEOTN,311,PLNDP250187G,40,8,Q,524346,PLIL23-963-201774475,1,200813227,NA,Non Randomized,NA,2311,B4I_2025_IA_2311,734117,IL23-963,2,NA,1,"40,NA","8,NA",,,,,,,
472208445,JHPY06LPOATN,LBCRMX9YPEOTN,312,PLNDP170001G,40,9,Q,524346,PLIL21-6116-201774430,1,200813064,NA,Non Randomized,NA,2312,B4I_2025_IA_2312,734182,IL21-6116,2,NA,1,"40,NA","9,NA",,,,,,,
472208453,JHPY06LPOATN,LBCRMX9YPEOTN,320,PLNDP150106G,41,2,Q,524346,PLIL20-746-201774424,1,200813049,NA,Non Randomized,NA,2320,B4I_2025_IA_2320,733988,IL20-746,2,NA,1,"41,NA","2,NA",,,,,,,
472208452,JHPY06LPOATN,LBCRMX9YPEOTN,319,PLNDP250170Y,41,3,Q,524346,PLIL21-5956-201774429,1,200813214,NA,Non Randomized,NA,2319,B4I_2025_IA_2319,734063,IL21-5956,2,NA,1,"41,NA","3,NA",,,,,,,
472208451,JHPY06LPOATN,LBCRMX9YPEOTN,318,PLNDP250176Y,41,4,Q,524346,PLIL22-5365-200865784,1,200813218,NA,Non Randomized,NA,2318,B4I_2025_IA_2318,734141,IL22-5365,2,NA,1,"41,NA","4,NA",,,,,,,
472208450,JHPY06LPOATN,LBCRMX9YPEOTN,317,PLNDP250072Y,41,5,Q,524346,PLIL23-267-201774452,1,200813136,NA,Non Randomized,NA,2317,B4I_2025_IA_2317,734225,IL23-267,2,NA,1,"41,NA","5,NA",,,,,,,
472208449,JHPY06LPOATN,LBCRMX9YPEOTN,316,PLNDP170322Y,41,6,Q,524346,PLIL23-3673-200865870,1,201770380,NA,Non Randomized,NA,2316,B4I_2025_IA_2316,734291,IL23-3673,2,NA,1,"41,NA","6,NA",,,,,,,
472208448,JHPY06LPOATN,LBCRMX9YPEOTN,315,PLNDP250099Y,41,7,Q,524346,PLIL20-618-200865746,1,200813156,NA,Non Randomized,NA,2315,B4I_2025_IA_2315,734097,IL20-618,2,NA,1,"41,NA","7,NA",,,,,,,
472208447,JHPY06LPOATN,LBCRMX9YPEOTN,314,PLNDP160153Y,41,8,Q,524346,PLIL21-8143-200865762,1,200813062,NA,Non Randomized,NA,2314,B4I_2025_IA_2314,734178,IL21-8143,2,NA,1,"41,NA","8,NA",,,,,,,
472208446,JHPY06LPOATN,LBCRMX9YPEOTN,313,PLNDP250188G,41,9,Q,524346,PLIL23-1037-200865788,1,200813228,NA,Non Randomized,NA,2313,B4I_2025_IA_2313,734129,IL23-1037,2,NA,1,"41,NA","9,NA",,,,,,,
472208454,JHPY06LPOATN,LBCRMX9YPEOTN,321,PLNDP250172Y,42,2,Q,524346,PLIL23-4469-200865901,1,201770406,NA,Non Randomized,NA,2321,B4I_2025_IA_2321,734056,IL23-4469,2,NA,1,"42,NA","2,NA",,,,,,,
472208455,JHPY06LPOATN,LBCRMX9YPEOTN,322,PLNDP120083Y,42,3,Q,524346,PLIL23-1806-200865827,1,200813042,NA,Non Randomized,NA,2322,B4I_2025_IA_2322,734073,IL23-1806,2,NA,1,"42,NA","3,NA",,,,,,,
472208456,JHPY06LPOATN,LBCRMX9YPEOTN,323,PLNDP250146G,42,4,Q,524346,PLIL20-6928-200865748,1,200813196,NA,Non Randomized,NA,2323,B4I_2025_IA_2323,734046,IL20-6928,2,NA,1,"42,NA","4,NA",,,,,,,
472208457,JHPY06LPOATN,LBCRMX9YPEOTN,324,PLNDP250166Y,42,5,Q,524346,PLIL23-3669-200865869,1,200813212,NA,Non Randomized,NA,2324,B4I_2025_IA_2324,734094,IL23-3669,2,NA,1,"42,NA","5,NA",,,,,,,
472208458,JHPY06LPOATN,LBCRMX9YPEOTN,325,PLNDP170094Y,42,6,Q,524346,PLIL23-445-200865900,1,200813080,NA,Non Randomized,NA,2325,B4I_2025_IA_2325,734179,IL23-445,2,NA,1,"42,NA","6,NA",,,,,,,
472208459,JHPY06LPOATN,LBCRMX9YPEOTN,326,PLNDP170043G,42,7,Q,524346,PLIL20-8446-201774426,1,201770372,NA,Non Randomized,NA,2326,B4I_2025_IA_2326,733989,IL20-8446,2,NA,1,"42,NA","7,NA",,,,,,,
472208460,JHPY06LPOATN,LBCRMX9YPEOTN,327,PLNDP250123Y,42,8,Q,524346,PLIL22-5365-200865784,1,200813179,NA,Non Randomized,NA,2327,B4I_2025_IA_2327,733948,IL22-5365,2,NA,1,"42,NA","8,NA",,,,,,,
472208461,JHPY06LPOATN,LBCRMX9YPEOTN,328,PLNDP160153Y,42,9,Q,524346,PLIL23-3848-200865884,1,200813062,NA,Non Randomized,NA,2328,B4I_2025_IA_2328,734039,IL23-3848,2,NA,1,"42,NA","9,NA",,,,,,,
472208469,JHPY06LPOATN,LBCRMX9YPEOTN,336,PLNDP250031Y,43,2,Q,524346,PLIL23-1228-200865794,1,200813106,NA,Non Randomized,NA,2336,B4I_2025_IA_2336,734164,IL23-1228,2,NA,1,"43,NA","2,NA",,,,,,,
472208468,JHPY06LPOATN,LBCRMX9YPEOTN,335,PLNDP170056G,43,3,Q,524346,PLIL23-4572-200865905,1,200813076,NA,Non Randomized,NA,2335,B4I_2025_IA_2335,733972,IL23-4572,2,NA,1,"43,NA","3,NA",,,,,,,
472208467,JHPY06LPOATN,LBCRMX9YPEOTN,334,PLNDP250050Y,43,4,Q,524346,PLIL23-247-200865843,1,200813120,NA,Non Randomized,NA,2334,B4I_2025_IA_2334,734303,IL23-247,2,NA,1,"43,NA","4,NA",,,,,,,
472208466,JHPY06LPOATN,LBCRMX9YPEOTN,333,PLNDP170190Y,43,5,Q,524346,PLIL23-2235-200865836,1,201770379,NA,Non Randomized,NA,2333,B4I_2025_IA_2333,734253,IL23-2235,2,NA,1,"43,NA","5,NA",,,,,,,
472208465,JHPY06LPOATN,LBCRMX9YPEOTN,332,PLNDP170190Y,43,6,Q,524346,PLIL22-1019-200865763,1,201770379,NA,Non Randomized,NA,2332,B4I_2025_IA_2332,734263,IL22-1019,2,NA,1,"43,NA","6,NA",,,,,,,
472208464,JHPY06LPOATN,LBCRMX9YPEOTN,331,PLNDP250053G,43,7,Q,524346,PLIL23-1037-200865788,1,200813122,NA,Non Randomized,NA,2331,B4I_2025_IA_2331,734237,IL23-1037,2,NA,1,"43,NA","7,NA",,,,,,,
472208463,JHPY06LPOATN,LBCRMX9YPEOTN,330,PLNDP170022G,43,8,Q,524346,PLIL23-4555-201774466,1,200813070,NA,Non Randomized,NA,2330,B4I_2025_IA_2330,734169,IL23-4555,2,NA,1,"43,NA","8,NA",,,,,,,
472208462,JHPY06LPOATN,LBCRMX9YPEOTN,329,PLNDP170133G,43,9,Q,524346,PLIL23-453-201774464,1,200813085,NA,Non Randomized,NA,2329,B4I_2025_IA_2329,734281,IL23-453,2,NA,1,"43,NA","9,NA",,,,,,,
472208470,JHPY06LPOATN,LBCRMX9YPEOTN,337,PLNDP250154Y,44,2,Q,524346,PLIL23-2443-200865841,1,200813203,NA,Non Randomized,NA,2337,B4I_2025_IA_2337,734148,IL23-2443,2,NA,1,"44,NA","2,NA",,,,,,,
472208471,JHPY06LPOATN,LBCRMX9YPEOTN,338,PLNDP250084Y,44,3,Q,524346,PLIL22-2364-200865769,1,200813143,NA,Non Randomized,NA,2338,B4I_2025_IA_2338,734212,IL22-2364,2,NA,1,"44,NA","3,NA",,,,,,,
472208472,JHPY06LPOATN,LBCRMX9YPEOTN,339,PLNDP170153Y,44,4,Q,524346,PLIL19-4877-200865733,1,201770375,NA,Non Randomized,NA,2339,B4I_2025_IA_2339,733992,IL19-4877,2,NA,1,"44,NA","4,NA",,,,,,,
472208473,JHPY06LPOATN,LBCRMX9YPEOTN,340,PLNDP150223G,44,5,Q,524346,PLIL23-3576-200865862,1,200813054,NA,Non Randomized,NA,2340,B4I_2025_IA_2340,734071,IL23-3576,2,NA,1,"44,NA","5,NA",,,,,,,
472208474,JHPY06LPOATN,LBCRMX9YPEOTN,341,PLNDP250092Y,44,6,Q,524346,PLIL23-763-201774473,1,200813149,NA,Non Randomized,NA,2341,B4I_2025_IA_2341,733946,IL23-763,2,NA,1,"44,NA","6,NA",,,,,,,
472208475,JHPY06LPOATN,LBCRMX9YPEOTN,342,PLNDP140510Y,44,7,Q,524346,PLIL23-951-201774474,1,200813046,NA,Non Randomized,NA,2342,B4I_2025_IA_2342,733980,IL23-951,2,NA,1,"44,NA","7,NA",,,,,,,
472208476,JHPY06LPOATN,LBCRMX9YPEOTN,343,PLNDP170028G,44,8,Q,524346,PLIL23-763-201774473,1,200813072,NA,Non Randomized,NA,2343,B4I_2025_IA_2343,733962,IL23-763,2,NA,1,"44,NA","8,NA",,,,,,,
472208477,JHPY06LPOATN,LBCRMX9YPEOTN,344,PLNDP250103G,44,9,Q,524346,PLIL23-250-200865844,1,200813160,NA,Non Randomized,NA,2344,B4I_2025_IA_2344,734013,IL23-250,2,NA,1,"44,NA","9,NA",,,,,,,
472208485,JHPY06LPOATN,LBCRMX9YPEOTN,352,PLNDP170151Y,45,2,Q,524346,PLIL23-2371-200865840,1,200813086,NA,Non Randomized,NA,2352,B4I_2025_IA_2352,734167,IL23-2371,2,NA,1,"45,NA","2,NA",,,,,,,
472208484,JHPY06LPOATN,LBCRMX9YPEOTN,351,PLNDP170052G,45,3,Q,524346,PLIL23-445-200865900,1,201770373,NA,Non Randomized,NA,2351,B4I_2025_IA_2351,734139,IL23-445,2,NA,1,"45,NA","3,NA",,,,,,,
472208483,JHPY06LPOATN,LBCRMX9YPEOTN,350,PLNDP250099Y,45,4,Q,524346,PLIL23-3731-201774459,1,200813156,NA,Non Randomized,NA,2350,B4I_2025_IA_2350,734255,IL23-3731,2,NA,1,"45,NA","4,NA",,,,,,,
472208482,JHPY06LPOATN,LBCRMX9YPEOTN,349,PLNDP250154Y,45,5,Q,524346,PLIL19-4877-200865733,1,200813203,NA,Non Randomized,NA,2349,B4I_2025_IA_2349,734176,IL19-4877,2,NA,1,"45,NA","5,NA",,,,,,,
472208481,JHPY06LPOATN,LBCRMX9YPEOTN,348,PLNDP250074Y,45,6,Q,524346,PLIL23-1614-200865811,1,200813137,NA,Non Randomized,NA,2348,B4I_2025_IA_2348,733917,IL23-1614,2,NA,1,"45,NA","6,NA",,,,,,,
472208480,JHPY06LPOATN,LBCRMX9YPEOTN,347,PLNDP170017G,45,7,Q,524346,PLIL23-652-200865916,1,200813069,NA,Non Randomized,NA,2347,B4I_2025_IA_2347,734059,IL23-652,2,NA,1,"45,NA","7,NA",,,,,,,
472208479,JHPY06LPOATN,LBCRMX9YPEOTN,346,PLNDP121711R,45,8,Q,524346,PLIL23-1413-201774437,1,201770367,NA,Non Randomized,NA,2346,B4I_2025_IA_2346,734068,IL23-1413,2,NA,1,"45,NA","8,NA",,,,,,,
472208478,JHPY06LPOATN,LBCRMX9YPEOTN,345,PLNDP250186G,45,9,Q,524346,PLIL20-7841-201774425,1,200813226,NA,Non Randomized,NA,2345,B4I_2025_IA_2345,734257,IL20-7841,2,NA,1,"45,NA","9,NA",,,,,,,
472208486,JHPY06LPOATN,LBCRMX9YPEOTN,353,PLND DAWN,46,2,Q,524346,PLIL23-1638-200865817,1,200813040,NA,Non Randomized,NA,2353,B4I_2025_IA_2353,734152,IL23-1638,2,NA,1,"46,NA","2,NA",,,,,,,
472208487,JHPY06LPOATN,LBCRMX9YPEOTN,354,PLNDP250168Y,46,3,Q,524346,PLIL15-2064-201774418,1,201770404,NA,Non Randomized,NA,2354,B4I_2025_IA_2354,734204,IL15-2064,2,NA,1,"46,NA","3,NA",,,,,,,
472208488,JHPY06LPOATN,LBCRMX9YPEOTN,355,PLNDP250171Y,46,4,Q,524346,PLIL23-4547-201774465,1,201770405,NA,Non Randomized,NA,2355,B4I_2025_IA_2355,734072,IL23-4547,2,NA,1,"46,NA","4,NA",,,,,,,
472208489,JHPY06LPOATN,LBCRMX9YPEOTN,356,PLNDP250094Y,46,5,Q,524346,PLIL23-971-200865932,1,200813151,NA,Non Randomized,NA,2356,B4I_2025_IA_2356,734266,IL23-971,2,NA,1,"46,NA","5,NA",,,,,,,
472208490,JHPY06LPOATN,LBCRMX9YPEOTN,357,PLNDP250138G,46,6,Q,524346,PLIL23-661-200865917,1,200813190,NA,Non Randomized,NA,2357,B4I_2025_IA_2357,734249,IL23-661,2,NA,1,"46,NA","6,NA",,,,,,,
472208491,JHPY06LPOATN,LBCRMX9YPEOTN,358,PLNDP170336G,46,7,Q,524346,PLIL23-551-201774469,1,200813100,NA,Non Randomized,NA,2358,B4I_2025_IA_2358,734125,IL23-551,2,NA,1,"46,NA","7,NA",,,,,,,
472208492,JHPY06LPOATN,LBCRMX9YPEOTN,359,PLNDP160188Y,46,8,Q,524346,PLIL23-4835-200865910,1,200813063,NA,Non Randomized,NA,2359,B4I_2025_IA_2359,734018,IL23-4835,2,NA,1,"46,NA","8,NA",,,,,,,
472208493,JHPY06LPOATN,LBCRMX9YPEOTN,360,PLNDP170111G,46,9,Q,524346,PLIL23-1423-200865803,1,200813084,NA,Non Randomized,NA,2360,B4I_2025_IA_2360,734100,IL23-1423,2,NA,1,"46,NA","9,NA",,,,,,,
472208501,JHPY06LPOATN,LBCRMX9YPEOTN,368,PLNDP170252Y,47,2,Q,524346,PLIL19-4556-200865732,1,200813096,NA,Non Randomized,NA,2368,B4I_2025_IA_2368,733940,IL19-4556,2,NA,1,"47,NA","2,NA",,,,,,,
472208500,JHPY06LPOATN,LBCRMX9YPEOTN,367,PLNDP250069Y,47,3,Q,524346,PLIL23-612-201774470,1,200813134,NA,Non Randomized,NA,2367,B4I_2025_IA_2367,734033,IL23-612,2,NA,1,"47,NA","3,NA",,,,,,,
472208499,JHPY06LPOATN,LBCRMX9YPEOTN,366,PLNDP170054Y,47,4,Q,524346,PLIL23-2443-200865841,1,200813075,NA,Non Randomized,NA,2366,B4I_2025_IA_2366,734089,IL23-2443,2,NA,1,"47,NA","4,NA",,,,,,,
472208498,JHPY06LPOATN,LBCRMX9YPEOTN,365,PLNDP250111G,47,5,Q,524346,PLIL23-1847-200865829,1,200813167,NA,Non Randomized,NA,2365,B4I_2025_IA_2365,734284,IL23-1847,2,NA,1,"47,NA","5,NA",,,,,,,
472208497,JHPY06LPOATN,LBCRMX9YPEOTN,364,PLNDP250069Y,47,6,Q,524346,PLIL22-5365-200865784,1,200813134,NA,Non Randomized,NA,2364,B4I_2025_IA_2364,733983,IL22-5365,2,NA,1,"47,NA","6,NA",,,,,,,
472208496,JHPY06LPOATN,LBCRMX9YPEOTN,363,PLNDP170011G,47,7,Q,524346,PLIL23-957-200865930,1,200813067,NA,Non Randomized,NA,2363,B4I_2025_IA_2363,733931,IL23-957,2,NA,1,"47,NA","7,NA",,,,,,,
472208495,JHPY06LPOATN,LBCRMX9YPEOTN,362,PLNDP250043Y,47,8,Q,524346,PLIL23-3838-200865882,1,201770381,NA,Non Randomized,NA,2362,B4I_2025_IA_2362,734003,IL23-3838,2,NA,1,"47,NA","8,NA",,,,,,,
472208494,JHPY06LPOATN,LBCRMX9YPEOTN,361,PLNDP250031Y,47,9,Q,524346,PLIL19-2033-200865730,1,200813106,NA,Non Randomized,NA,2361,B4I_2025_IA_2361,733925,IL19-2033,2,NA,1,"47,NA","9,NA",,,,,,,
472208502,JHPY06LPOATN,LBCRMX9YPEOTN,369,PLNDP170350Y,48,2,Q,524346,PLIL23-1547-201774440,1,200813101,NA,Non Randomized,NA,2369,B4I_2025_IA_2369,734227,IL23-1547,2,NA,1,"48,NA","2,NA",,,,,,,
472208503,JHPY06LPOATN,LBCRMX9YPEOTN,370,PLNDP250029Y,48,3,Q,524346,PLIL22-4169-200865776,1,200813104,NA,Non Randomized,NA,2370,B4I_2025_IA_2370,734123,IL22-4169,2,NA,1,"48,NA","3,NA",,,,,,,
472208504,JHPY06LPOATN,LBCRMX9YPEOTN,371,PLNDP250186G,48,4,Q,524346,PLIL20-7841-201774425,1,200813226,NA,Non Randomized,NA,2371,B4I_2025_IA_2371,734296,IL20-7841,2,NA,1,"48,NA","4,NA",,,,,,,
472208505,JHPY06LPOATN,LBCRMX9YPEOTN,372,PLNDP250073Y,48,5,Q,524346,PLIL23-268-200865848,1,201770392,NA,Non Randomized,NA,2372,B4I_2025_IA_2372,734217,IL23-268,2,NA,1,"48,NA","5,NA",,,,,,,
472208506,JHPY06LPOATN,LBCRMX9YPEOTN,373,PLNDP250161Y,48,6,Q,524346,PLIL23-1657-200865821,1,200813209,NA,Non Randomized,NA,2373,B4I_2025_IA_2373,734306,IL23-1657,2,NA,1,"48,NA","6,NA",,,,,,,
472208507,JHPY06LPOATN,LBCRMX9YPEOTN,374,PLNDP170043G,48,7,Q,524346,PLIL23-971-200865932,1,201770372,NA,Non Randomized,NA,2374,B4I_2025_IA_2374,734241,IL23-971,2,NA,1,"48,NA","7,NA",,,,,,,
472208508,JHPY06LPOATN,LBCRMX9YPEOTN,375,PLND DAWN,48,8,Q,524346,PLIL19-4877-200865733,1,200813040,NA,Non Randomized,NA,2375,B4I_2025_IA_2375,733913,IL19-4877,2,NA,1,"48,NA","8,NA",,,,,,,
472208509,JHPY06LPOATN,LBCRMX9YPEOTN,376,PLNDP170177Y,48,9,Q,524346,PLIL23-621-200865915,1,200813089,NA,Non Randomized,NA,2376,B4I_2025_IA_2376,734114,IL23-621,2,NA,1,"48,NA","9,NA",,,,,,,
472208517,JHPY06LPOATN,LBCRMX9YPEOTN,384,PLNDP170031G,49,2,Q,524346,PLIL22-1256-201774431,1,200813073,NA,Non Randomized,NA,2384,B4I_2025_IA_2384,734027,IL22-1256,2,NA,1,"49,NA","2,NA",,,,,,,
472208516,JHPY06LPOATN,LBCRMX9YPEOTN,383,PLNDP250183G,49,3,Q,524346,PLIL21-4020-201774427,1,201770407,NA,Non Randomized,NA,2383,B4I_2025_IA_2383,734062,IL21-4020,2,NA,1,"49,NA","3,NA",,,,,,,
472208515,JHPY06LPOATN,LBCRMX9YPEOTN,382,PLNDP250057G,49,4,Q,524346,PLIL22-5365-200865784,1,201770388,NA,Non Randomized,NA,2382,B4I_2025_IA_2382,734053,IL22-5365,2,NA,1,"49,NA","4,NA",,,,,,,
472208514,JHPY06LPOATN,LBCRMX9YPEOTN,381,PLNDP250051Y,49,5,Q,524346,PLIL23-247-200865843,1,201770386,NA,Non Randomized,NA,2381,B4I_2025_IA_2381,734076,IL23-247,2,NA,1,"49,NA","5,NA",,,,,,,
472208513,JHPY06LPOATN,LBCRMX9YPEOTN,380,PLNDP150476G,49,6,Q,524346,PLIL23-4542-200865902,1,201770369,NA,Non Randomized,NA,2380,B4I_2025_IA_2380,733955,IL23-4542,2,NA,1,"49,NA","6,NA",,,,,,,
472208512,JHPY06LPOATN,LBCRMX9YPEOTN,379,PLNDP250031Y,49,7,Q,524346,PLIL23-259-200865845,1,200813106,NA,Non Randomized,NA,2379,B4I_2025_IA_2379,734045,IL23-259,2,NA,1,"49,NA","7,NA",,,,,,,
472208511,JHPY06LPOATN,LBCRMX9YPEOTN,378,PLNDP250110G,49,8,Q,524346,PLIL23-3710-201774458,1,200813166,NA,Non Randomized,NA,2378,B4I_2025_IA_2378,734254,IL23-3710,2,NA,1,"49,NA","8,NA",,,,,,,
472208510,JHPY06LPOATN,LBCRMX9YPEOTN,377,PLNDP170328G,49,9,Q,524346,PLIL23-1556-201774441,1,200813099,NA,Non Randomized,NA,2377,B4I_2025_IA_2377,734198,IL23-1556,2,NA,1,"49,NA","9,NA",,,,,,,
472208518,JHPY06LPOATN,LBCRMX9YPEOTN,385,PLNDP250084Y,50,2,Q,524346,PLIL19-5336-201774422,1,200813143,NA,Non Randomized,NA,2385,B4I_2025_IA_2385,734154,IL19-5336,2,NA,1,"50,NA","2,NA",,,,,,,
472208519,JHPY06LPOATN,LBCRMX9YPEOTN,386,PLNDP250110G,50,3,Q,524346,PLIL23-3826-200865878,1,200813166,NA,Non Randomized,NA,2386,B4I_2025_IA_2386,733961,IL23-3826,2,NA,1,"50,NA","3,NA",,,,,,,
472208520,JHPY06LPOATN,LBCRMX9YPEOTN,387,PLNDP170057G,50,4,Q,524346,PLIL23-3823-200865877,1,200813077,NA,Non Randomized,NA,2387,B4I_2025_IA_2387,733977,IL23-3823,2,NA,1,"50,NA","4,NA",,,,,,,
472208521,JHPY06LPOATN,LBCRMX9YPEOTN,388,PLNDP250033Y,50,5,Q,524346,PLIL23-1859-201774449,1,200813108,NA,Non Randomized,NA,2388,B4I_2025_IA_2388,734108,IL23-1859,2,NA,1,"50,NA","5,NA",,,,,,,
472208522,JHPY06LPOATN,LBCRMX9YPEOTN,389,PLNDP170006G,50,6,Q,524346,PLIL20-8446-201774426,1,200813066,NA,Non Randomized,NA,2389,B4I_2025_IA_2389,734240,IL20-8446,2,NA,1,"50,NA","6,NA",,,,,,,
472208523,JHPY06LPOATN,LBCRMX9YPEOTN,390,PLNDP250035G,50,7,Q,524346,PLIL23-1655-200865820,1,200813110,NA,Non Randomized,NA,2390,B4I_2025_IA_2390,734157,IL23-1655,2,NA,1,"50,NA","7,NA",,,,,,,
472208524,JHPY06LPOATN,LBCRMX9YPEOTN,391,PLNDP250090Y,50,8,Q,524346,PLIL23-1644-201774443,1,200813147,NA,Non Randomized,NA,2391,B4I_2025_IA_2391,734279,IL23-1644,2,NA,1,"50,NA","8,NA",,,,,,,
472208525,JHPY06LPOATN,LBCRMX9YPEOTN,392,PLNDP250163Y,50,9,Q,524346,PLIL23-1631-200865816,1,201770402,NA,Non Randomized,NA,2392,B4I_2025_IA_2392,734250,IL23-1631,2,NA,1,"50,NA","9,NA",,,,,,,
472208533,JHPY06LPOATN,LBCRMX9YPEOTN,400,PLNDP170057G,51,2,Q,524346,PLIL22-6264-200865786,1,200813077,NA,Non Randomized,NA,2400,B4I_2025_IA_2400,734224,IL22-6264,2,NA,1,"51,NA","2,NA",,,,,,,
472208532,JHPY06LPOATN,LBCRMX9YPEOTN,399,PLNDP170183Y,51,3,Q,524346,PLIL23-1644-201774443,1,200813090,NA,Non Randomized,NA,2399,B4I_2025_IA_2399,734124,IL23-1644,2,NA,1,"51,NA","3,NA",,,,,,,
472208531,JHPY06LPOATN,LBCRMX9YPEOTN,398,PLNDP250134G,51,4,Q,524346,PLIL23-1815-200865828,1,200813189,NA,Non Randomized,NA,2398,B4I_2025_IA_2398,734304,IL23-1815,2,NA,1,"51,NA","4,NA",,,,,,,
472208530,JHPY06LPOATN,LBCRMX9YPEOTN,397,PLNDP170057G,51,5,Q,524346,PLIL22-2364-200865769,1,200813077,NA,Non Randomized,NA,2397,B4I_2025_IA_2397,734165,IL22-2364,2,NA,1,"51,NA","5,NA",,,,,,,
472208529,JHPY06LPOATN,LBCRMX9YPEOTN,396,PLNDP250048Y,51,6,Q,524346,PLIL21-5956-201774429,1,201770385,NA,Non Randomized,NA,2396,B4I_2025_IA_2396,734149,IL21-5956,2,NA,1,"51,NA","6,NA",,,,,,,
472208528,JHPY06LPOATN,LBCRMX9YPEOTN,395,PLNDP250176Y,51,7,Q,524346,PLIL20-1037-200865744,1,200813218,NA,Non Randomized,NA,2395,B4I_2025_IA_2395,733958,IL20-1037,2,NA,1,"51,NA","7,NA",,,,,,,
472208527,JHPY06LPOATN,LBCRMX9YPEOTN,394,PLND VICTORY,51,8,Q,524346,PLIL21-7822-200865761,1,200813041,NA,Non Randomized,NA,2394,B4I_2025_IA_2394,734210,IL21-7822,2,NA,1,"51,NA","8,NA",,,,,,,
472208526,JHPY06LPOATN,LBCRMX9YPEOTN,393,PLNDP250062Y,51,9,Q,524346,PLIL23-1236-200865795,1,200813129,NA,Non Randomized,NA,2393,B4I_2025_IA_2393,734267,IL23-1236,2,NA,1,"51,NA","9,NA",,,,,,,
