observationUnitName,observationUnitDbId,Image Name,Sample_Date,Timing,Plot ID,Species,Dry Wt (g)
B4I_2025_PM3D_IL_1001_subplot_1,741769,IL-Arbelaez_2025_TM-2_PL-2.1001.1,5/30/2025,2,2.1001.1,Oat,345.4
B4I_2025_PM3D_IL_1001_subplot_1,741769,IL-Arbelaez_2025_TM-2_PL-2.1001.1,5/30/2025,2,2.1001.1,Pea,0
B4I_2025_PM3D_IL_1001_subplot_1,741769,IL-Arbelaez_2025_TM-2_PL-2.1001.1,5/30/2025,2,2.1001.1,Other,0
B4I_2025_PM3D_IL_1001_subplot_2,741770,IL-Arbelaez_2025_TM-1_PL-1.1001.2,5/15/2025,1,1.1001.2,Oat,173.8
B4I_2025_PM3D_IL_1001_subplot_2,741770,IL-Arbelaez_2025_TM-1_PL-1.1001.2,5/15/2025,1,1.1001.2,Pea,0
B4I_2025_PM3D_IL_1001_subplot_2,741770,IL-Arbelaez_2025_TM-1_PL-1.1001.2,5/15/2025,1,1.1001.2,Other,0
B4I_2025_PM3D_IL_1001_subplot_3,741771,IL-Arbelaez_2025_TM-3_PL-3.1001.3,6/10/2025,3,3.1001.3,Oat,580.4
B4I_2025_PM3D_IL_1001_subplot_3,741771,IL-Arbelaez_2025_TM-3_PL-3.1001.3,6/10/2025,3,3.1001.3,Pea,0
B4I_2025_PM3D_IL_1001_subplot_3,741771,IL-Arbelaez_2025_TM-3_PL-3.1001.3,6/10/2025,3,3.1001.3,Other,0
B4I_2025_PM3D_IL_1002_subplot_1,741793,IL-Arbelaez_2025_TM-2_PL-2.1002.1,5/30/2025,2,2.1002.1,Oat,238.7
B4I_2025_PM3D_IL_1002_subplot_1,741793,IL-Arbelaez_2025_TM-2_PL-2.1002.1,5/30/2025,2,2.1002.1,Pea,86.7
B4I_2025_PM3D_IL_1002_subplot_1,741793,IL-Arbelaez_2025_TM-2_PL-2.1002.1,5/30/2025,2,2.1002.1,Other,0
B4I_2025_PM3D_IL_1002_subplot_2,741794,IL-Arbelaez_2025_TM-3_PL-3.1002.2,6/10/2025,3,3.1002.2,Oat,514.9
B4I_2025_PM3D_IL_1002_subplot_2,741794,IL-Arbelaez_2025_TM-3_PL-3.1002.2,6/10/2025,3,3.1002.2,Pea,121.3
B4I_2025_PM3D_IL_1002_subplot_2,741794,IL-Arbelaez_2025_TM-3_PL-3.1002.2,6/10/2025,3,3.1002.2,Other,0
B4I_2025_PM3D_IL_1002_subplot_3,741795,IL-Arbelaez_2025_TM-1_PL-1.1002.3,5/15/2025,1,1.1002.3,Oat,96
B4I_2025_PM3D_IL_1002_subplot_3,741795,IL-Arbelaez_2025_TM-1_PL-1.1002.3,5/15/2025,1,1.1002.3,Pea,65.1
B4I_2025_PM3D_IL_1002_subplot_3,741795,IL-Arbelaez_2025_TM-1_PL-1.1002.3,5/15/2025,1,1.1002.3,Other,0
B4I_2025_PM3D_IL_101_subplot_1,741760,IL-Arbelaez_2025_TM-1_PL-1.101.1,5/15/2025,1,1.101.1,Oat,83
B4I_2025_PM3D_IL_101_subplot_1,741760,IL-Arbelaez_2025_TM-1_PL-1.101.1,5/15/2025,1,1.101.1,Pea,56.9
B4I_2025_PM3D_IL_101_subplot_1,741760,IL-Arbelaez_2025_TM-1_PL-1.101.1,5/15/2025,1,1.101.1,Other,0
B4I_2025_PM3D_IL_101_subplot_2,741761,IL-Arbelaez_2025_TM-2_PL-2.101.2,5/30/2025,2,2.101.2,Oat,184
B4I_2025_PM3D_IL_101_subplot_2,741761,IL-Arbelaez_2025_TM-2_PL-2.101.2,5/30/2025,2,2.101.2,Pea,76.6
B4I_2025_PM3D_IL_101_subplot_2,741761,IL-Arbelaez_2025_TM-2_PL-2.101.2,5/30/2025,2,2.101.2,Other,0
B4I_2025_PM3D_IL_101_subplot_3,741762,IL-Arbelaez_2025_TM-3_PL-3.101.3,6/10/2025,3,3.101.3,Oat,411.3
B4I_2025_PM3D_IL_101_subplot_3,741762,IL-Arbelaez_2025_TM-3_PL-3.101.3,6/10/2025,3,3.101.3,Pea,141
B4I_2025_PM3D_IL_101_subplot_3,741762,IL-Arbelaez_2025_TM-3_PL-3.101.3,6/10/2025,3,3.101.3,Other,0
B4I_2025_PM3D_IL_102_subplot_1,741787,IL-Arbelaez_2025_TM-1_PL-1.102.1,5/15/2025,1,1.102.1,Oat,0
B4I_2025_PM3D_IL_102_subplot_1,741787,IL-Arbelaez_2025_TM-1_PL-1.102.1,5/15/2025,1,1.102.1,Pea,125
B4I_2025_PM3D_IL_102_subplot_1,741787,IL-Arbelaez_2025_TM-1_PL-1.102.1,5/15/2025,1,1.102.1,Other,0
B4I_2025_PM3D_IL_102_subplot_2,741788,IL-Arbelaez_2025_TM-3_PL-3.102.2,6/10/2025,3,3.102.2,Oat,0
B4I_2025_PM3D_IL_102_subplot_2,741788,IL-Arbelaez_2025_TM-3_PL-3.102.2,6/10/2025,3,3.102.2,Pea,465.5
B4I_2025_PM3D_IL_102_subplot_2,741788,IL-Arbelaez_2025_TM-3_PL-3.102.2,6/10/2025,3,3.102.2,Other,0
B4I_2025_PM3D_IL_102_subplot_3,741789,IL-Arbelaez_2025_TM-2_PL-2.102.3,5/30/2025,2,2.102.3,Oat,0
B4I_2025_PM3D_IL_102_subplot_3,741789,IL-Arbelaez_2025_TM-2_PL-2.102.3,5/30/2025,2,2.102.3,Pea,234.4
B4I_2025_PM3D_IL_102_subplot_3,741789,IL-Arbelaez_2025_TM-2_PL-2.102.3,5/30/2025,2,2.102.3,Other,0
B4I_2025_PM3D_IL_201_subplot_1,741763,IL-Arbelaez_2025_TM-3_PL-3.201.1,6/10/2025,3,3.201.1,Oat,382.8
B4I_2025_PM3D_IL_201_subplot_1,741763,IL-Arbelaez_2025_TM-3_PL-3.201.1,6/10/2025,3,3.201.1,Pea,172.5
B4I_2025_PM3D_IL_201_subplot_1,741763,IL-Arbelaez_2025_TM-3_PL-3.201.1,6/10/2025,3,3.201.1,Other,0
B4I_2025_PM3D_IL_201_subplot_2,741764,IL-Arbelaez_2025_TM-1_PL-1.201.2,5/15/2025,1,1.201.2,Oat,68
B4I_2025_PM3D_IL_201_subplot_2,741764,IL-Arbelaez_2025_TM-1_PL-1.201.2,5/15/2025,1,1.201.2,Pea,55.1
B4I_2025_PM3D_IL_201_subplot_2,741764,IL-Arbelaez_2025_TM-1_PL-1.201.2,5/15/2025,1,1.201.2,Other,0
B4I_2025_PM3D_IL_201_subplot_3,741765,IL-Arbelaez_2025_TM-2_PL-2.201.3,5/30/2025,2,2.201.3,Oat,153.9
B4I_2025_PM3D_IL_201_subplot_3,741765,IL-Arbelaez_2025_TM-2_PL-2.201.3,5/30/2025,2,2.201.3,Pea,52.6
B4I_2025_PM3D_IL_201_subplot_3,741765,IL-Arbelaez_2025_TM-2_PL-2.201.3,5/30/2025,2,2.201.3,Other,0
B4I_2025_PM3D_IL_202_subplot_1,741751,IL-Arbelaez_2025_TM-1_PL-1.202.1,5/15/2025,1,1.202.1,Oat,0
B4I_2025_PM3D_IL_202_subplot_1,741751,IL-Arbelaez_2025_TM-1_PL-1.202.1,5/15/2025,1,1.202.1,Pea,120.7
B4I_2025_PM3D_IL_202_subplot_1,741751,IL-Arbelaez_2025_TM-1_PL-1.202.1,5/15/2025,1,1.202.1,Other,0
B4I_2025_PM3D_IL_202_subplot_2,741752,IL-Arbelaez_2025_TM-3_PL-3.202.2,6/10/2025,3,3.202.2,Oat,0
B4I_2025_PM3D_IL_202_subplot_2,741752,IL-Arbelaez_2025_TM-3_PL-3.202.2,6/10/2025,3,3.202.2,Pea,418.8
B4I_2025_PM3D_IL_202_subplot_2,741752,IL-Arbelaez_2025_TM-3_PL-3.202.2,6/10/2025,3,3.202.2,Other,0
B4I_2025_PM3D_IL_202_subplot_3,741753,IL-Arbelaez_2025_TM-2_PL-2.202.3,5/30/2025,2,2.202.3,Oat,0
B4I_2025_PM3D_IL_202_subplot_3,741753,IL-Arbelaez_2025_TM-2_PL-2.202.3,5/30/2025,2,2.202.3,Pea,243
B4I_2025_PM3D_IL_202_subplot_3,741753,IL-Arbelaez_2025_TM-2_PL-2.202.3,5/30/2025,2,2.202.3,Other,0
B4I_2025_PM3D_IL_301_subplot_1,741736,IL-Arbelaez_2025_TM-2_PL-2.301.1,5/30/2025,2,2.301.1,Oat,164.4
B4I_2025_PM3D_IL_301_subplot_1,741736,IL-Arbelaez_2025_TM-2_PL-2.301.1,5/30/2025,2,2.301.1,Pea,66.8
B4I_2025_PM3D_IL_301_subplot_1,741736,IL-Arbelaez_2025_TM-2_PL-2.301.1,5/30/2025,2,2.301.1,Other,0
B4I_2025_PM3D_IL_301_subplot_2,741737,IL-Arbelaez_2025_TM-1_PL-1.301.2,5/15/2025,1,1.301.2,Oat,89.1
B4I_2025_PM3D_IL_301_subplot_2,741737,IL-Arbelaez_2025_TM-1_PL-1.301.2,5/15/2025,1,1.301.2,Pea,62.5
B4I_2025_PM3D_IL_301_subplot_2,741737,IL-Arbelaez_2025_TM-1_PL-1.301.2,5/15/2025,1,1.301.2,Other,0
B4I_2025_PM3D_IL_301_subplot_3,741738,IL-Arbelaez_2025_TM-3_PL-3.301.3,6/10/2025,3,3.301.3,Oat,351.2
B4I_2025_PM3D_IL_301_subplot_3,741738,IL-Arbelaez_2025_TM-3_PL-3.301.3,6/10/2025,3,3.301.3,Pea,161.1
B4I_2025_PM3D_IL_301_subplot_3,741738,IL-Arbelaez_2025_TM-3_PL-3.301.3,6/10/2025,3,3.301.3,Other,0
B4I_2025_PM3D_IL_302_subplot_1,741784,IL-Arbelaez_2025_TM-3_PL-3.302.1,6/10/2025,3,3.302.1,Oat,630.9
B4I_2025_PM3D_IL_302_subplot_1,741784,IL-Arbelaez_2025_TM-3_PL-3.302.1,6/10/2025,3,3.302.1,Pea,0
B4I_2025_PM3D_IL_302_subplot_1,741784,IL-Arbelaez_2025_TM-3_PL-3.302.1,6/10/2025,3,3.302.1,Other,0
B4I_2025_PM3D_IL_302_subplot_2,741785,IL-Arbelaez_2025_TM-1_PL-1.302.2,5/15/2025,1,1.302.2,Oat,137.6
B4I_2025_PM3D_IL_302_subplot_2,741785,IL-Arbelaez_2025_TM-1_PL-1.302.2,5/15/2025,1,1.302.2,Pea,0
B4I_2025_PM3D_IL_302_subplot_2,741785,IL-Arbelaez_2025_TM-1_PL-1.302.2,5/15/2025,1,1.302.2,Other,0
B4I_2025_PM3D_IL_302_subplot_3,741786,IL-Arbelaez_2025_TM-2_PL-2.302.3,5/30/2025,2,2.302.3,Oat,226.5
B4I_2025_PM3D_IL_302_subplot_3,741786,IL-Arbelaez_2025_TM-2_PL-2.302.3,5/30/2025,2,2.302.3,Pea,0
B4I_2025_PM3D_IL_302_subplot_3,741786,IL-Arbelaez_2025_TM-2_PL-2.302.3,5/30/2025,2,2.302.3,Other,0
B4I_2025_PM3D_IL_401_subplot_1,741748,IL-Arbelaez_2025_TM-2_PL-2.401.1,5/30/2025,2,2.401.1,Oat,281.2
B4I_2025_PM3D_IL_401_subplot_1,741748,IL-Arbelaez_2025_TM-2_PL-2.401.1,5/30/2025,2,2.401.1,Pea,0
B4I_2025_PM3D_IL_401_subplot_1,741748,IL-Arbelaez_2025_TM-2_PL-2.401.1,5/30/2025,2,2.401.1,Other,0
B4I_2025_PM3D_IL_401_subplot_2,741749,IL-Arbelaez_2025_TM-1_PL-1.401.2,5/15/2025,1,1.401.2,Oat,139
B4I_2025_PM3D_IL_401_subplot_2,741749,IL-Arbelaez_2025_TM-1_PL-1.401.2,5/15/2025,1,1.401.2,Pea,0
B4I_2025_PM3D_IL_401_subplot_2,741749,IL-Arbelaez_2025_TM-1_PL-1.401.2,5/15/2025,1,1.401.2,Other,0
B4I_2025_PM3D_IL_401_subplot_3,741750,IL-Arbelaez_2025_TM-3_PL-3.401.3,6/10/2025,3,3.401.3,Oat,557.4
B4I_2025_PM3D_IL_401_subplot_3,741750,IL-Arbelaez_2025_TM-3_PL-3.401.3,6/10/2025,3,3.401.3,Pea,0
B4I_2025_PM3D_IL_401_subplot_3,741750,IL-Arbelaez_2025_TM-3_PL-3.401.3,6/10/2025,3,3.401.3,Other,0
B4I_2025_PM3D_IL_402_subplot_1,741772,IL-Arbelaez_2025_TM-2_PL-2.402.1,5/30/2025,2,2.402.1,Oat,261.5
B4I_2025_PM3D_IL_402_subplot_1,741772,IL-Arbelaez_2025_TM-2_PL-2.402.1,5/30/2025,2,2.402.1,Pea,0
B4I_2025_PM3D_IL_402_subplot_1,741772,IL-Arbelaez_2025_TM-2_PL-2.402.1,5/30/2025,2,2.402.1,Other,0
B4I_2025_PM3D_IL_402_subplot_2,741773,IL-Arbelaez_2025_TM-1_PL-1.402.2,5/15/2025,1,1.402.2,Oat,128.3
B4I_2025_PM3D_IL_402_subplot_2,741773,IL-Arbelaez_2025_TM-1_PL-1.402.2,5/15/2025,1,1.402.2,Pea,0
B4I_2025_PM3D_IL_402_subplot_2,741773,IL-Arbelaez_2025_TM-1_PL-1.402.2,5/15/2025,1,1.402.2,Other,0
B4I_2025_PM3D_IL_402_subplot_3,741774,IL-Arbelaez_2025_TM-3_PL-3.402.3,6/10/2025,3,3.402.3,Oat,530
B4I_2025_PM3D_IL_402_subplot_3,741774,IL-Arbelaez_2025_TM-3_PL-3.402.3,6/10/2025,3,3.402.3,Pea,0
B4I_2025_PM3D_IL_402_subplot_3,741774,IL-Arbelaez_2025_TM-3_PL-3.402.3,6/10/2025,3,3.402.3,Other,0
B4I_2025_PM3D_IL_501_subplot_1,741745,IL-Arbelaez_2025_TM-3_PL-3.501.1,6/10/2025,3,3.501.1,Oat,483.2
B4I_2025_PM3D_IL_501_subplot_1,741745,IL-Arbelaez_2025_TM-3_PL-3.501.1,6/10/2025,3,3.501.1,Pea,156.1
B4I_2025_PM3D_IL_501_subplot_1,741745,IL-Arbelaez_2025_TM-3_PL-3.501.1,6/10/2025,3,3.501.1,Other,0
B4I_2025_PM3D_IL_501_subplot_2,741746,IL-Arbelaez_2025_TM-1_PL-1.501.2,5/15/2025,1,1.501.2,Oat,101.1
B4I_2025_PM3D_IL_501_subplot_2,741746,IL-Arbelaez_2025_TM-1_PL-1.501.2,5/15/2025,1,1.501.2,Pea,60.7
B4I_2025_PM3D_IL_501_subplot_2,741746,IL-Arbelaez_2025_TM-1_PL-1.501.2,5/15/2025,1,1.501.2,Other,0
B4I_2025_PM3D_IL_501_subplot_3,741747,IL-Arbelaez_2025_TM-2_PL-2.501.3,5/30/2025,2,2.501.3,Oat,158.2
B4I_2025_PM3D_IL_501_subplot_3,741747,IL-Arbelaez_2025_TM-2_PL-2.501.3,5/30/2025,2,2.501.3,Pea,59.1
B4I_2025_PM3D_IL_501_subplot_3,741747,IL-Arbelaez_2025_TM-2_PL-2.501.3,5/30/2025,2,2.501.3,Other,0
B4I_2025_PM3D_IL_502_subplot_1,741781,IL-Arbelaez_2025_TM-1_PL-1.502.1,5/15/2025,1,1.502.1,Oat,96.6
B4I_2025_PM3D_IL_502_subplot_1,741781,IL-Arbelaez_2025_TM-1_PL-1.502.1,5/15/2025,1,1.502.1,Pea,53
B4I_2025_PM3D_IL_502_subplot_1,741781,IL-Arbelaez_2025_TM-1_PL-1.502.1,5/15/2025,1,1.502.1,Other,0
B4I_2025_PM3D_IL_502_subplot_2,741782,IL-Arbelaez_2025_TM-2_PL-2.502.2,5/30/2025,2,2.502.2,Oat,152.7
B4I_2025_PM3D_IL_502_subplot_2,741782,IL-Arbelaez_2025_TM-2_PL-2.502.2,5/30/2025,2,2.502.2,Pea,73.4
B4I_2025_PM3D_IL_502_subplot_2,741782,IL-Arbelaez_2025_TM-2_PL-2.502.2,5/30/2025,2,2.502.2,Other,0
B4I_2025_PM3D_IL_502_subplot_3,741783,IL-Arbelaez_2025_TM-3_PL-3.502.3,6/10/2025,3,3.502.3,Oat,279.8
B4I_2025_PM3D_IL_502_subplot_3,741783,IL-Arbelaez_2025_TM-3_PL-3.502.3,6/10/2025,3,3.502.3,Pea,218.6
B4I_2025_PM3D_IL_502_subplot_3,741783,IL-Arbelaez_2025_TM-3_PL-3.502.3,6/10/2025,3,3.502.3,Other,0
B4I_2025_PM3D_IL_601_subplot_1,741754,IL-Arbelaez_2025_TM-1_PL-1.601.1,5/15/2025,1,1.601.1,Oat,120.2
B4I_2025_PM3D_IL_601_subplot_1,741754,IL-Arbelaez_2025_TM-1_PL-1.601.1,5/15/2025,1,1.601.1,Pea,55.7
B4I_2025_PM3D_IL_601_subplot_1,741754,IL-Arbelaez_2025_TM-1_PL-1.601.1,5/15/2025,1,1.601.1,Other,0
B4I_2025_PM3D_IL_601_subplot_2,741755,IL-Arbelaez_2025_TM-2_PL-2.601.2,5/30/2025,2,2.601.2,Oat,184.4
B4I_2025_PM3D_IL_601_subplot_2,741755,IL-Arbelaez_2025_TM-2_PL-2.601.2,5/30/2025,2,2.601.2,Pea,57.9
B4I_2025_PM3D_IL_601_subplot_2,741755,IL-Arbelaez_2025_TM-2_PL-2.601.2,5/30/2025,2,2.601.2,Other,0
B4I_2025_PM3D_IL_601_subplot_3,741756,IL-Arbelaez_2025_TM-3_PL-3.601.3,6/10/2025,3,3.601.3,Oat,385.9
B4I_2025_PM3D_IL_601_subplot_3,741756,IL-Arbelaez_2025_TM-3_PL-3.601.3,6/10/2025,3,3.601.3,Pea,129.5
B4I_2025_PM3D_IL_601_subplot_3,741756,IL-Arbelaez_2025_TM-3_PL-3.601.3,6/10/2025,3,3.601.3,Other,0
B4I_2025_PM3D_IL_602_subplot_1,741766,IL-Arbelaez_2025_TM-1_PL-1.602.1,5/15/2025,1,1.602.1,Oat,98.2
B4I_2025_PM3D_IL_602_subplot_1,741766,IL-Arbelaez_2025_TM-1_PL-1.602.1,5/15/2025,1,1.602.1,Pea,64.4
B4I_2025_PM3D_IL_602_subplot_1,741766,IL-Arbelaez_2025_TM-1_PL-1.602.1,5/15/2025,1,1.602.1,Other,0
B4I_2025_PM3D_IL_602_subplot_2,741767,IL-Arbelaez_2025_TM-2_PL-2.602.2,5/30/2025,2,2.602.2,Oat,195.5
B4I_2025_PM3D_IL_602_subplot_2,741767,IL-Arbelaez_2025_TM-2_PL-2.602.2,5/30/2025,2,2.602.2,Pea,79.5
B4I_2025_PM3D_IL_602_subplot_2,741767,IL-Arbelaez_2025_TM-2_PL-2.602.2,5/30/2025,2,2.602.2,Other,0
B4I_2025_PM3D_IL_602_subplot_3,741768,IL-Arbelaez_2025_TM-3_PL-3.602.3,6/10/2025,3,3.602.3,Oat,307.5
B4I_2025_PM3D_IL_602_subplot_3,741768,IL-Arbelaez_2025_TM-3_PL-3.602.3,6/10/2025,3,3.602.3,Pea,206.9
B4I_2025_PM3D_IL_602_subplot_3,741768,IL-Arbelaez_2025_TM-3_PL-3.602.3,6/10/2025,3,3.602.3,Other,0
B4I_2025_PM3D_IL_701_subplot_1,741775,IL-Arbelaez_2025_TM-2_PL-2.701.1,5/30/2025,2,2.701.1,Oat,255.5
B4I_2025_PM3D_IL_701_subplot_1,741775,IL-Arbelaez_2025_TM-2_PL-2.701.1,5/30/2025,2,2.701.1,Pea,33
B4I_2025_PM3D_IL_701_subplot_1,741775,IL-Arbelaez_2025_TM-2_PL-2.701.1,5/30/2025,2,2.701.1,Other,0
B4I_2025_PM3D_IL_701_subplot_2,741776,IL-Arbelaez_2025_TM-3_PL-3.701.2,6/10/2025,3,3.701.2,Oat,485.3
B4I_2025_PM3D_IL_701_subplot_2,741776,IL-Arbelaez_2025_TM-3_PL-3.701.2,6/10/2025,3,3.701.2,Pea,110.9
B4I_2025_PM3D_IL_701_subplot_2,741776,IL-Arbelaez_2025_TM-3_PL-3.701.2,6/10/2025,3,3.701.2,Other,0
B4I_2025_PM3D_IL_701_subplot_3,741777,IL-Arbelaez_2025_TM-1_PL-1.701.3,5/15/2025,1,1.701.3,Oat,84.7
B4I_2025_PM3D_IL_701_subplot_3,741777,IL-Arbelaez_2025_TM-1_PL-1.701.3,5/15/2025,1,1.701.3,Pea,75.1
B4I_2025_PM3D_IL_701_subplot_3,741777,IL-Arbelaez_2025_TM-1_PL-1.701.3,5/15/2025,1,1.701.3,Other,0
B4I_2025_PM3D_IL_702_subplot_1,741742,IL-Arbelaez_2025_TM-3_PL-3.702.1,6/10/2025,3,3.702.1,Oat,561.7
B4I_2025_PM3D_IL_702_subplot_1,741742,IL-Arbelaez_2025_TM-3_PL-3.702.1,6/10/2025,3,3.702.1,Pea,0
B4I_2025_PM3D_IL_702_subplot_1,741742,IL-Arbelaez_2025_TM-3_PL-3.702.1,6/10/2025,3,3.702.1,Other,0
B4I_2025_PM3D_IL_702_subplot_2,741743,IL-Arbelaez_2025_TM-2_PL-2.702.2,5/30/2025,2,2.702.2,Oat,304.8
B4I_2025_PM3D_IL_702_subplot_2,741743,IL-Arbelaez_2025_TM-2_PL-2.702.2,5/30/2025,2,2.702.2,Pea,0
B4I_2025_PM3D_IL_702_subplot_2,741743,IL-Arbelaez_2025_TM-2_PL-2.702.2,5/30/2025,2,2.702.2,Other,0
B4I_2025_PM3D_IL_702_subplot_3,741744,IL-Arbelaez_2025_TM-1_PL-1.702.3,5/15/2025,1,1.702.3,Oat,172.8
B4I_2025_PM3D_IL_702_subplot_3,741744,IL-Arbelaez_2025_TM-1_PL-1.702.3,5/15/2025,1,1.702.3,Pea,0
B4I_2025_PM3D_IL_702_subplot_3,741744,IL-Arbelaez_2025_TM-1_PL-1.702.3,5/15/2025,1,1.702.3,Other,0
B4I_2025_PM3D_IL_801_subplot_1,741790,IL-Arbelaez_2025_TM-2_PL-2.801.1,5/30/2025,2,2.801.1,Oat,0
B4I_2025_PM3D_IL_801_subplot_1,741790,IL-Arbelaez_2025_TM-2_PL-2.801.1,5/30/2025,2,2.801.1,Pea,238.8
B4I_2025_PM3D_IL_801_subplot_1,741790,IL-Arbelaez_2025_TM-2_PL-2.801.1,5/30/2025,2,2.801.1,Other,0
B4I_2025_PM3D_IL_801_subplot_2,741791,IL-Arbelaez_2025_TM-1_PL-1.801.2,5/15/2025,1,1.801.2,Oat,0
B4I_2025_PM3D_IL_801_subplot_2,741791,IL-Arbelaez_2025_TM-1_PL-1.801.2,5/15/2025,1,1.801.2,Pea,108.8
B4I_2025_PM3D_IL_801_subplot_2,741791,IL-Arbelaez_2025_TM-1_PL-1.801.2,5/15/2025,1,1.801.2,Other,0
B4I_2025_PM3D_IL_801_subplot_3,741792,IL-Arbelaez_2025_TM-3_PL-3.801.3,6/10/2025,3,3.801.3,Oat,0
B4I_2025_PM3D_IL_801_subplot_3,741792,IL-Arbelaez_2025_TM-3_PL-3.801.3,6/10/2025,3,3.801.3,Pea,783.7
B4I_2025_PM3D_IL_801_subplot_3,741792,IL-Arbelaez_2025_TM-3_PL-3.801.3,6/10/2025,3,3.801.3,Other,0
B4I_2025_PM3D_IL_802_subplot_1,741757,IL-Arbelaez_2025_TM-1_PL-1.802.1,5/15/2025,1,1.802.1,Oat,0
B4I_2025_PM3D_IL_802_subplot_1,741757,IL-Arbelaez_2025_TM-1_PL-1.802.1,5/15/2025,1,1.802.1,Pea,127
B4I_2025_PM3D_IL_802_subplot_1,741757,IL-Arbelaez_2025_TM-1_PL-1.802.1,5/15/2025,1,1.802.1,Other,0
B4I_2025_PM3D_IL_802_subplot_2,741758,IL-Arbelaez_2025_TM-2_PL-2.802.2,5/30/2025,2,2.802.2,Oat,0
B4I_2025_PM3D_IL_802_subplot_2,741758,IL-Arbelaez_2025_TM-2_PL-2.802.2,5/30/2025,2,2.802.2,Pea,205.2
B4I_2025_PM3D_IL_802_subplot_2,741758,IL-Arbelaez_2025_TM-2_PL-2.802.2,5/30/2025,2,2.802.2,Other,0
B4I_2025_PM3D_IL_802_subplot_3,741759,IL-Arbelaez_2025_TM-3_PL-3.802.3,6/10/2025,3,3.802.3,Oat,0
B4I_2025_PM3D_IL_802_subplot_3,741759,IL-Arbelaez_2025_TM-3_PL-3.802.3,6/10/2025,3,3.802.3,Pea,700.6
B4I_2025_PM3D_IL_802_subplot_3,741759,IL-Arbelaez_2025_TM-3_PL-3.802.3,6/10/2025,3,3.802.3,Other,0
B4I_2025_PM3D_IL_901_subplot_1,741778,IL-Arbelaez_2025_TM-1_PL-1.901.1,5/15/2025,1,1.901.1,Oat,105.1
B4I_2025_PM3D_IL_901_subplot_1,741778,IL-Arbelaez_2025_TM-1_PL-1.901.1,5/15/2025,1,1.901.1,Pea,67.4
B4I_2025_PM3D_IL_901_subplot_1,741778,IL-Arbelaez_2025_TM-1_PL-1.901.1,5/15/2025,1,1.901.1,Other,0
B4I_2025_PM3D_IL_901_subplot_2,741779,IL-Arbelaez_2025_TM-2_PL-2.901.2,5/30/2025,2,2.901.2,Oat,212.2
B4I_2025_PM3D_IL_901_subplot_2,741779,IL-Arbelaez_2025_TM-2_PL-2.901.2,5/30/2025,2,2.901.2,Pea,56.5
B4I_2025_PM3D_IL_901_subplot_2,741779,IL-Arbelaez_2025_TM-2_PL-2.901.2,5/30/2025,2,2.901.2,Other,0
B4I_2025_PM3D_IL_901_subplot_3,741780,IL-Arbelaez_2025_TM-3_PL-3.901.3,6/10/2025,3,3.901.3,Oat,476.7
B4I_2025_PM3D_IL_901_subplot_3,741780,IL-Arbelaez_2025_TM-3_PL-3.901.3,6/10/2025,3,3.901.3,Pea,149.5
B4I_2025_PM3D_IL_901_subplot_3,741780,IL-Arbelaez_2025_TM-3_PL-3.901.3,6/10/2025,3,3.901.3,Other,0
B4I_2025_PM3D_IL_902_subplot_1,741739,IL-Arbelaez_2025_TM-3_PL-3.902.1,6/10/2025,3,3.902.1,Oat,0
B4I_2025_PM3D_IL_902_subplot_1,741739,IL-Arbelaez_2025_TM-3_PL-3.902.1,6/10/2025,3,3.902.1,Pea,743.5
B4I_2025_PM3D_IL_902_subplot_1,741739,IL-Arbelaez_2025_TM-3_PL-3.902.1,6/10/2025,3,3.902.1,Other,0
B4I_2025_PM3D_IL_902_subplot_2,741740,IL-Arbelaez_2025_TM-1_PL-1.902.2,5/15/2025,1,1.902.2,Oat,0
B4I_2025_PM3D_IL_902_subplot_2,741740,IL-Arbelaez_2025_TM-1_PL-1.902.2,5/15/2025,1,1.902.2,Pea,115.6
B4I_2025_PM3D_IL_902_subplot_2,741740,IL-Arbelaez_2025_TM-1_PL-1.902.2,5/15/2025,1,1.902.2,Other,0
B4I_2025_PM3D_IL_902_subplot_3,741741,IL-Arbelaez_2025_TM-2_PL-2.902.3,5/30/2025,2,2.902.3,Oat,0
B4I_2025_PM3D_IL_902_subplot_3,741741,IL-Arbelaez_2025_TM-2_PL-2.902.3,5/30/2025,2,2.902.3,Pea,232.8
B4I_2025_PM3D_IL_902_subplot_3,741741,IL-Arbelaez_2025_TM-2_PL-2.902.3,5/30/2025,2,2.902.3,Other,0
B4I_2025_PM3D_NY_01_subplot_1,741910,NY-Jannink_2025_TM-1_PL-741910,6/2/2025,1,741910,Oat,0
B4I_2025_PM3D_NY_01_subplot_1,741910,NY-Jannink_2025_TM-1_PL-741910,6/2/2025,1,741910,Pea,33.9
B4I_2025_PM3D_NY_01_subplot_1,741910,NY-Jannink_2025_TM-1_PL-741910,6/2/2025,1,741910,Other,0.3
B4I_2025_PM3D_NY_01_subplot_2,741911,NY-Jannink_2025_TM-2_PL-741911,6/24/2025,2,741911,Oat,0
B4I_2025_PM3D_NY_01_subplot_2,741911,NY-Jannink_2025_TM-2_PL-741911,6/24/2025,2,741911,Pea,364.9
B4I_2025_PM3D_NY_01_subplot_2,741911,NY-Jannink_2025_TM-2_PL-741911,6/24/2025,2,741911,Other,23.9
B4I_2025_PM3D_NY_01_subplot_3,741912,NY-Jannink_2025_TM-3_PL-1.3,7/14/2025,3,1.3,Oat,0
B4I_2025_PM3D_NY_01_subplot_3,741912,NY-Jannink_2025_TM-3_PL-1.3,7/14/2025,3,1.3,Pea,314.8
B4I_2025_PM3D_NY_01_subplot_3,741912,NY-Jannink_2025_TM-3_PL-1.3,7/14/2025,3,1.3,Other,77
B4I_2025_PM3D_NY_02_subplot_1,741859,NY-Jannink_2025_TM-3_PL-2.1,7/14/2025,3,2.1,Oat,418.1
B4I_2025_PM3D_NY_02_subplot_1,741859,NY-Jannink_2025_TM-3_PL-2.1,7/14/2025,3,2.1,Pea,122.6
B4I_2025_PM3D_NY_02_subplot_1,741859,NY-Jannink_2025_TM-3_PL-2.1,7/14/2025,3,2.1,Other,35.4
B4I_2025_PM3D_NY_02_subplot_2,741860,NY-Jannink_2025_TM-2_PL-741860,6/24/2025,2,741860,Oat,251.6
B4I_2025_PM3D_NY_02_subplot_2,741860,NY-Jannink_2025_TM-2_PL-741860,6/24/2025,2,741860,Pea,59
B4I_2025_PM3D_NY_02_subplot_2,741860,NY-Jannink_2025_TM-2_PL-741860,6/24/2025,2,741860,Other,6.1
B4I_2025_PM3D_NY_02_subplot_3,741861,NY-Jannink_2025_TM-1_PL-741861,6/2/2025,1,741861,Oat,27.1
B4I_2025_PM3D_NY_02_subplot_3,741861,NY-Jannink_2025_TM-1_PL-741861,6/2/2025,1,741861,Pea,7.1
B4I_2025_PM3D_NY_02_subplot_3,741861,NY-Jannink_2025_TM-1_PL-741861,6/2/2025,1,741861,Other,1.1
B4I_2025_PM3D_NY_03_subplot_1,741886,NY-Jannink_2025_TM-1_PL-741886,6/2/2025,1,741886,Oat,53.8
B4I_2025_PM3D_NY_03_subplot_1,741886,NY-Jannink_2025_TM-1_PL-741886,6/2/2025,1,741886,Pea,0
B4I_2025_PM3D_NY_03_subplot_1,741886,NY-Jannink_2025_TM-1_PL-741886,6/2/2025,1,741886,Other,0.4
B4I_2025_PM3D_NY_03_subplot_2,741887,NY-Jannink_2025_TM-3_PL-3.2,7/14/2025,3,3.2,Oat,431.3
B4I_2025_PM3D_NY_03_subplot_2,741887,NY-Jannink_2025_TM-3_PL-3.2,7/14/2025,3,3.2,Pea,0
B4I_2025_PM3D_NY_03_subplot_2,741887,NY-Jannink_2025_TM-3_PL-3.2,7/14/2025,3,3.2,Other,8.4
B4I_2025_PM3D_NY_03_subplot_3,741888,NY-Jannink_2025_TM-2_PL-741888,6/24/2025,2,741888,Oat,271.3
B4I_2025_PM3D_NY_03_subplot_3,741888,NY-Jannink_2025_TM-2_PL-741888,6/24/2025,2,741888,Pea,0
B4I_2025_PM3D_NY_03_subplot_3,741888,NY-Jannink_2025_TM-2_PL-741888,6/24/2025,2,741888,Other,16.3
B4I_2025_PM3D_NY_04_subplot_1,741895,NY-Jannink_2025_TM-1_PL-741895,6/2/2025,1,741895,Oat,49.6
B4I_2025_PM3D_NY_04_subplot_1,741895,NY-Jannink_2025_TM-1_PL-741895,6/2/2025,1,741895,Pea,0
B4I_2025_PM3D_NY_04_subplot_1,741895,NY-Jannink_2025_TM-1_PL-741895,6/2/2025,1,741895,Other,1.3
B4I_2025_PM3D_NY_04_subplot_2,741896,NY-Jannink_2025_TM-2_PL-741896,6/24/2025,2,741896,Oat,245.4
B4I_2025_PM3D_NY_04_subplot_2,741896,NY-Jannink_2025_TM-2_PL-741896,6/24/2025,2,741896,Pea,0
B4I_2025_PM3D_NY_04_subplot_2,741896,NY-Jannink_2025_TM-2_PL-741896,6/24/2025,2,741896,Other,3
B4I_2025_PM3D_NY_04_subplot_3,741897,NY-Jannink_2025_TM-3_PL-4.3,7/14/2025,3,4.3,Oat,439.6
B4I_2025_PM3D_NY_04_subplot_3,741897,NY-Jannink_2025_TM-3_PL-4.3,7/14/2025,3,4.3,Pea,0
B4I_2025_PM3D_NY_04_subplot_3,741897,NY-Jannink_2025_TM-3_PL-4.3,7/14/2025,3,4.3,Other,12.8
B4I_2025_PM3D_NY_05_subplot_1,741892,NY-Jannink_2025_TM-3_PL-5.1,7/14/2025,3,5.1,Oat,330.8
B4I_2025_PM3D_NY_05_subplot_1,741892,NY-Jannink_2025_TM-3_PL-5.1,7/14/2025,3,5.1,Pea,68.2
B4I_2025_PM3D_NY_05_subplot_1,741892,NY-Jannink_2025_TM-3_PL-5.1,7/14/2025,3,5.1,Other,16.5
B4I_2025_PM3D_NY_05_subplot_2,741893,NY-Jannink_2025_TM-2_PL-741893,6/24/2025,2,741893,Oat,230.1
B4I_2025_PM3D_NY_05_subplot_2,741893,NY-Jannink_2025_TM-2_PL-741893,6/24/2025,2,741893,Pea,38.4
B4I_2025_PM3D_NY_05_subplot_2,741893,NY-Jannink_2025_TM-2_PL-741893,6/24/2025,2,741893,Other,6.1
B4I_2025_PM3D_NY_05_subplot_3,741894,NY-Jannink_2025_TM-1_PL-741894,6/2/2025,1,741894,Oat,16
B4I_2025_PM3D_NY_05_subplot_3,741894,NY-Jannink_2025_TM-1_PL-741894,6/2/2025,1,741894,Pea,7.9
B4I_2025_PM3D_NY_05_subplot_3,741894,NY-Jannink_2025_TM-1_PL-741894,6/2/2025,1,741894,Other,2
B4I_2025_PM3D_NY_06_subplot_1,741898,NY-Jannink_2025_TM-1_PL-741898,6/2/2025,1,741898,Oat,0
B4I_2025_PM3D_NY_06_subplot_1,741898,NY-Jannink_2025_TM-1_PL-741898,6/2/2025,1,741898,Pea,32.1
B4I_2025_PM3D_NY_06_subplot_1,741898,NY-Jannink_2025_TM-1_PL-741898,6/2/2025,1,741898,Other,4.7
B4I_2025_PM3D_NY_06_subplot_2,741899,NY-Jannink_2025_TM-2_PL-741899,6/24/2025,2,741899,Oat,0
B4I_2025_PM3D_NY_06_subplot_2,741899,NY-Jannink_2025_TM-2_PL-741899,6/24/2025,2,741899,Pea,162.4
B4I_2025_PM3D_NY_06_subplot_2,741899,NY-Jannink_2025_TM-2_PL-741899,6/24/2025,2,741899,Other,8.1
B4I_2025_PM3D_NY_06_subplot_3,741900,NY-Jannink_2025_TM-3_PL-6.3,7/14/2025,3,6.3,Oat,0
B4I_2025_PM3D_NY_06_subplot_3,741900,NY-Jannink_2025_TM-3_PL-6.3,7/14/2025,3,6.3,Pea,176.7
B4I_2025_PM3D_NY_06_subplot_3,741900,NY-Jannink_2025_TM-3_PL-6.3,7/14/2025,3,6.3,Other,33.1
B4I_2025_PM3D_NY_07_subplot_1,741865,NY-Jannink_2025_TM-1_PL-741865,6/2/2025,1,741865,Oat,38
B4I_2025_PM3D_NY_07_subplot_1,741865,NY-Jannink_2025_TM-1_PL-741865,6/2/2025,1,741865,Pea,9.8
B4I_2025_PM3D_NY_07_subplot_1,741865,NY-Jannink_2025_TM-1_PL-741865,6/2/2025,1,741865,Other,4.3
B4I_2025_PM3D_NY_07_subplot_2,741866,NY-Jannink_2025_TM-2_PL-741866,6/24/2025,2,741866,Oat,315.7
B4I_2025_PM3D_NY_07_subplot_2,741866,NY-Jannink_2025_TM-2_PL-741866,6/24/2025,2,741866,Pea,22.5
B4I_2025_PM3D_NY_07_subplot_2,741866,NY-Jannink_2025_TM-2_PL-741866,6/24/2025,2,741866,Other,8.7
B4I_2025_PM3D_NY_07_subplot_3,741867,NY-Jannink_2025_TM-3_PL-7.3,7/14/2025,3,7.3,Oat,358.5
B4I_2025_PM3D_NY_07_subplot_3,741867,NY-Jannink_2025_TM-3_PL-7.3,7/14/2025,3,7.3,Pea,2.4
B4I_2025_PM3D_NY_07_subplot_3,741867,NY-Jannink_2025_TM-3_PL-7.3,7/14/2025,3,7.3,Other,2.9
B4I_2025_PM3D_NY_08_subplot_1,741883,NY-Jannink_2025_TM-2_PL-741883,6/24/2025,2,741883,Oat,0
B4I_2025_PM3D_NY_08_subplot_1,741883,NY-Jannink_2025_TM-2_PL-741883,6/24/2025,2,741883,Pea,117.1
B4I_2025_PM3D_NY_08_subplot_1,741883,NY-Jannink_2025_TM-2_PL-741883,6/24/2025,2,741883,Other,5
B4I_2025_PM3D_NY_08_subplot_2,741884,NY-Jannink_2025_TM-3_PL-8.2,7/14/2025,3,8.2,Oat,0
B4I_2025_PM3D_NY_08_subplot_2,741884,NY-Jannink_2025_TM-3_PL-8.2,7/14/2025,3,8.2,Pea,226.8
B4I_2025_PM3D_NY_08_subplot_2,741884,NY-Jannink_2025_TM-3_PL-8.2,7/14/2025,3,8.2,Other,8.4
B4I_2025_PM3D_NY_08_subplot_3,741885,NY-Jannink_2025_TM-1_PL-741885,6/2/2025,1,741885,Oat,0
B4I_2025_PM3D_NY_08_subplot_3,741885,NY-Jannink_2025_TM-1_PL-741885,6/2/2025,1,741885,Pea,11.6
B4I_2025_PM3D_NY_08_subplot_3,741885,NY-Jannink_2025_TM-1_PL-741885,6/2/2025,1,741885,Other,4.4
B4I_2025_PM3D_NY_09_subplot_1,741871,NY-Jannink_2025_TM-2_PL-741871,6/24/2025,2,741871,Oat,205.4
B4I_2025_PM3D_NY_09_subplot_1,741871,NY-Jannink_2025_TM-2_PL-741871,6/24/2025,2,741871,Pea,0
B4I_2025_PM3D_NY_09_subplot_1,741871,NY-Jannink_2025_TM-2_PL-741871,6/24/2025,2,741871,Other,2.2
B4I_2025_PM3D_NY_09_subplot_2,741872,NY-Jannink_2025_TM-3_PL-9.2,7/14/2025,3,9.2,Oat,355.3
B4I_2025_PM3D_NY_09_subplot_2,741872,NY-Jannink_2025_TM-3_PL-9.2,7/14/2025,3,9.2,Pea,0
B4I_2025_PM3D_NY_09_subplot_2,741872,NY-Jannink_2025_TM-3_PL-9.2,7/14/2025,3,9.2,Other,2.3
B4I_2025_PM3D_NY_09_subplot_3,741873,NY-Jannink_2025_TM-1_PL-741873,6/2/2025,1,741873,Oat,41
B4I_2025_PM3D_NY_09_subplot_3,741873,NY-Jannink_2025_TM-1_PL-741873,6/2/2025,1,741873,Pea,0
B4I_2025_PM3D_NY_09_subplot_3,741873,NY-Jannink_2025_TM-1_PL-741873,6/2/2025,1,741873,Other,1.3
B4I_2025_PM3D_NY_10_subplot_1,741913,NY-Jannink_2025_TM-3_PL-10.1,7/14/2025,3,10.1,Oat,254.9
B4I_2025_PM3D_NY_10_subplot_1,741913,NY-Jannink_2025_TM-3_PL-10.1,7/14/2025,3,10.1,Pea,89.2
B4I_2025_PM3D_NY_10_subplot_1,741913,NY-Jannink_2025_TM-3_PL-10.1,7/14/2025,3,10.1,Other,0
B4I_2025_PM3D_NY_10_subplot_2,741914,NY-Jannink_2025_TM-2_PL-741914,6/24/2025,2,741914,Oat,169.6
B4I_2025_PM3D_NY_10_subplot_2,741914,NY-Jannink_2025_TM-2_PL-741914,6/24/2025,2,741914,Pea,74.5
B4I_2025_PM3D_NY_10_subplot_2,741914,NY-Jannink_2025_TM-2_PL-741914,6/24/2025,2,741914,Other,0.9
B4I_2025_PM3D_NY_10_subplot_3,741915,NY-Jannink_2025_TM-1_PL-741915,6/2/2025,1,741915,Oat,26.3
B4I_2025_PM3D_NY_10_subplot_3,741915,NY-Jannink_2025_TM-1_PL-741915,6/2/2025,1,741915,Pea,9.2
B4I_2025_PM3D_NY_10_subplot_3,741915,NY-Jannink_2025_TM-1_PL-741915,6/2/2025,1,741915,Other,0
B4I_2025_PM3D_NY_11_subplot_1,741889,NY-Jannink_2025_TM-3_PL-11.1,7/14/2025,3,11.1,Oat,0
B4I_2025_PM3D_NY_11_subplot_1,741889,NY-Jannink_2025_TM-3_PL-11.1,7/14/2025,3,11.1,Pea,392.4
B4I_2025_PM3D_NY_11_subplot_1,741889,NY-Jannink_2025_TM-3_PL-11.1,7/14/2025,3,11.1,Other,15.9
B4I_2025_PM3D_NY_11_subplot_2,741890,NY-Jannink_2025_TM-2_PL-741890,6/24/2025,2,741890,Oat,0
B4I_2025_PM3D_NY_11_subplot_2,741890,NY-Jannink_2025_TM-2_PL-741890,6/24/2025,2,741890,Pea,245.5
B4I_2025_PM3D_NY_11_subplot_2,741890,NY-Jannink_2025_TM-2_PL-741890,6/24/2025,2,741890,Other,8.4
B4I_2025_PM3D_NY_11_subplot_3,741891,NY-Jannink_2025_TM-1_PL-741891,6/2/2025,1,741891,Oat,0
B4I_2025_PM3D_NY_11_subplot_3,741891,NY-Jannink_2025_TM-1_PL-741891,6/2/2025,1,741891,Pea,15.7
B4I_2025_PM3D_NY_11_subplot_3,741891,NY-Jannink_2025_TM-1_PL-741891,6/2/2025,1,741891,Other,0.9
B4I_2025_PM3D_NY_12_subplot_1,741901,NY-Jannink_2025_TM-1_PL-741901,6/2/2025,1,741901,Oat,20.8
B4I_2025_PM3D_NY_12_subplot_1,741901,NY-Jannink_2025_TM-1_PL-741901,6/2/2025,1,741901,Pea,26.4
B4I_2025_PM3D_NY_12_subplot_1,741901,NY-Jannink_2025_TM-1_PL-741901,6/2/2025,1,741901,Other,1.2
B4I_2025_PM3D_NY_12_subplot_2,741902,NY-Jannink_2025_TM-3_PL-12.2,7/14/2025,3,12.2,Oat,502.6
B4I_2025_PM3D_NY_12_subplot_2,741902,NY-Jannink_2025_TM-3_PL-12.2,7/14/2025,3,12.2,Pea,71.8
B4I_2025_PM3D_NY_12_subplot_2,741902,NY-Jannink_2025_TM-3_PL-12.2,7/14/2025,3,12.2,Other,0
B4I_2025_PM3D_NY_12_subplot_3,741903,NY-Jannink_2025_TM-2_PL-741903,6/24/2025,2,741903,Oat,242.3
B4I_2025_PM3D_NY_12_subplot_3,741903,NY-Jannink_2025_TM-2_PL-741903,6/24/2025,2,741903,Pea,52.7
B4I_2025_PM3D_NY_12_subplot_3,741903,NY-Jannink_2025_TM-2_PL-741903,6/24/2025,2,741903,Other,0.4
B4I_2025_PM3D_NY_13_subplot_1,741877,NY-Jannink_2025_TM-1_PL-741877,6/2/2025,1,741877,Oat,32.7
B4I_2025_PM3D_NY_13_subplot_1,741877,NY-Jannink_2025_TM-1_PL-741877,6/2/2025,1,741877,Pea,18.6
B4I_2025_PM3D_NY_13_subplot_1,741877,NY-Jannink_2025_TM-1_PL-741877,6/2/2025,1,741877,Other,1.8
B4I_2025_PM3D_NY_13_subplot_2,741878,NY-Jannink_2025_TM-3_PL-13.2,7/14/2025,3,13.2,Oat,329.4
B4I_2025_PM3D_NY_13_subplot_2,741878,NY-Jannink_2025_TM-3_PL-13.2,7/14/2025,3,13.2,Pea,228.3
B4I_2025_PM3D_NY_13_subplot_2,741878,NY-Jannink_2025_TM-3_PL-13.2,7/14/2025,3,13.2,Other,1.6
B4I_2025_PM3D_NY_13_subplot_3,741879,NY-Jannink_2025_TM-2_PL-741879,6/24/2025,2,741879,Oat,171.2
B4I_2025_PM3D_NY_13_subplot_3,741879,NY-Jannink_2025_TM-2_PL-741879,6/24/2025,2,741879,Pea,20.4
B4I_2025_PM3D_NY_13_subplot_3,741879,NY-Jannink_2025_TM-2_PL-741879,6/24/2025,2,741879,Other,1.1
B4I_2025_PM3D_NY_14_subplot_1,741862,NY-Jannink_2025_TM-3_PL-14.1,7/14/2025,3,14.1,Oat,344.3
B4I_2025_PM3D_NY_14_subplot_1,741862,NY-Jannink_2025_TM-3_PL-14.1,7/14/2025,3,14.1,Pea,136.6
B4I_2025_PM3D_NY_14_subplot_1,741862,NY-Jannink_2025_TM-3_PL-14.1,7/14/2025,3,14.1,Other,0
B4I_2025_PM3D_NY_14_subplot_2,741863,NY-Jannink_2025_TM-1_PL-741863,6/2/2025,1,741863,Oat,37.8
B4I_2025_PM3D_NY_14_subplot_2,741863,NY-Jannink_2025_TM-1_PL-741863,6/2/2025,1,741863,Pea,14.7
B4I_2025_PM3D_NY_14_subplot_2,741863,NY-Jannink_2025_TM-1_PL-741863,6/2/2025,1,741863,Other,1.4
B4I_2025_PM3D_NY_14_subplot_3,741864,NY-Jannink_2025_TM-2_PL-741864,6/24/2025,2,741864,Oat,149.2
B4I_2025_PM3D_NY_14_subplot_3,741864,NY-Jannink_2025_TM-2_PL-741864,6/24/2025,2,741864,Pea,83.1
B4I_2025_PM3D_NY_14_subplot_3,741864,NY-Jannink_2025_TM-2_PL-741864,6/24/2025,2,741864,Other,2.2
B4I_2025_PM3D_NY_15_subplot_1,741874,NY-Jannink_2025_TM-3_PL-15.1,7/14/2025,3,15.1,Oat,0
B4I_2025_PM3D_NY_15_subplot_1,741874,NY-Jannink_2025_TM-3_PL-15.1,7/14/2025,3,15.1,Pea,549.9
B4I_2025_PM3D_NY_15_subplot_1,741874,NY-Jannink_2025_TM-3_PL-15.1,7/14/2025,3,15.1,Other,4.1
B4I_2025_PM3D_NY_15_subplot_2,741875,NY-Jannink_2025_TM-1_PL-741875,6/2/2025,1,741875,Oat,0
B4I_2025_PM3D_NY_15_subplot_2,741875,NY-Jannink_2025_TM-1_PL-741875,6/2/2025,1,741875,Pea,41.4
B4I_2025_PM3D_NY_15_subplot_2,741875,NY-Jannink_2025_TM-1_PL-741875,6/2/2025,1,741875,Other,0
B4I_2025_PM3D_NY_15_subplot_3,741876,NY-Jannink_2025_TM-2_PL-741876,6/24/2025,2,741876,Oat,0
B4I_2025_PM3D_NY_15_subplot_3,741876,NY-Jannink_2025_TM-2_PL-741876,6/24/2025,2,741876,Pea,136.5
B4I_2025_PM3D_NY_15_subplot_3,741876,NY-Jannink_2025_TM-2_PL-741876,6/24/2025,2,741876,Other,7.5
B4I_2025_PM3D_NY_16_subplot_1,741907,NY-Jannink_2025_TM-3_PL-16.1,7/14/2025,3,16.1,Oat,570
B4I_2025_PM3D_NY_16_subplot_1,741907,NY-Jannink_2025_TM-3_PL-16.1,7/14/2025,3,16.1,Pea,0
B4I_2025_PM3D_NY_16_subplot_1,741907,NY-Jannink_2025_TM-3_PL-16.1,7/14/2025,3,16.1,Other,0.7
B4I_2025_PM3D_NY_16_subplot_2,741908,NY-Jannink_2025_TM-1_PL-741908,6/2/2025,1,741908,Oat,68.1
B4I_2025_PM3D_NY_16_subplot_2,741908,NY-Jannink_2025_TM-1_PL-741908,6/2/2025,1,741908,Pea,0
B4I_2025_PM3D_NY_16_subplot_2,741908,NY-Jannink_2025_TM-1_PL-741908,6/2/2025,1,741908,Other,0.6
B4I_2025_PM3D_NY_16_subplot_3,741909,NY-Jannink_2025_TM-2_PL-741909,6/24/2025,2,741909,Oat,172.8
B4I_2025_PM3D_NY_16_subplot_3,741909,NY-Jannink_2025_TM-2_PL-741909,6/24/2025,2,741909,Pea,0
B4I_2025_PM3D_NY_16_subplot_3,741909,NY-Jannink_2025_TM-2_PL-741909,6/24/2025,2,741909,Other,2
B4I_2025_PM3D_NY_17_subplot_1,741868,NY-Jannink_2025_TM-3_PL-17.1,7/14/2025,3,17.1,Oat,302.9
B4I_2025_PM3D_NY_17_subplot_1,741868,NY-Jannink_2025_TM-3_PL-17.1,7/14/2025,3,17.1,Pea,152.2
B4I_2025_PM3D_NY_17_subplot_1,741868,NY-Jannink_2025_TM-3_PL-17.1,7/14/2025,3,17.1,Other,1
B4I_2025_PM3D_NY_17_subplot_2,741869,NY-Jannink_2025_TM-2_PL-741869,6/24/2025,2,741869,Oat,96.6
B4I_2025_PM3D_NY_17_subplot_2,741869,NY-Jannink_2025_TM-2_PL-741869,6/24/2025,2,741869,Pea,146.2
B4I_2025_PM3D_NY_17_subplot_2,741869,NY-Jannink_2025_TM-2_PL-741869,6/24/2025,2,741869,Other,0
B4I_2025_PM3D_NY_17_subplot_3,741870,NY-Jannink_2025_TM-1_PL-741870,6/2/2025,1,741870,Oat,13.6
B4I_2025_PM3D_NY_17_subplot_3,741870,NY-Jannink_2025_TM-1_PL-741870,6/2/2025,1,741870,Pea,6.2
B4I_2025_PM3D_NY_17_subplot_3,741870,NY-Jannink_2025_TM-1_PL-741870,6/2/2025,1,741870,Other,0
B4I_2025_PM3D_NY_18_subplot_1,741904,NY-Jannink_2025_TM-2_PL-741904,6/24/2025,2,741904,Oat,149.5
B4I_2025_PM3D_NY_18_subplot_1,741904,NY-Jannink_2025_TM-2_PL-741904,6/24/2025,2,741904,Pea,100.1
B4I_2025_PM3D_NY_18_subplot_1,741904,NY-Jannink_2025_TM-2_PL-741904,6/24/2025,2,741904,Other,0.3
B4I_2025_PM3D_NY_18_subplot_2,741905,NY-Jannink_2025_TM-1_PL-741905,6/2/2025,1,741905,Oat,15
B4I_2025_PM3D_NY_18_subplot_2,741905,NY-Jannink_2025_TM-1_PL-741905,6/2/2025,1,741905,Pea,23.6
B4I_2025_PM3D_NY_18_subplot_2,741905,NY-Jannink_2025_TM-1_PL-741905,6/2/2025,1,741905,Other,0
B4I_2025_PM3D_NY_18_subplot_3,741906,NY-Jannink_2025_TM-3_PL-18.3,7/14/2025,3,18.3,Oat,381.7
B4I_2025_PM3D_NY_18_subplot_3,741906,NY-Jannink_2025_TM-3_PL-18.3,7/14/2025,3,18.3,Pea,116.3
B4I_2025_PM3D_NY_18_subplot_3,741906,NY-Jannink_2025_TM-3_PL-18.3,7/14/2025,3,18.3,Other,0
B4I_2025_PM3D_NY_19_subplot_1,741880,NY-Jannink_2025_TM-3_PL-19.1,7/14/2025,3,19.1,Oat,249
B4I_2025_PM3D_NY_19_subplot_1,741880,NY-Jannink_2025_TM-3_PL-19.1,7/14/2025,3,19.1,Pea,209.1
B4I_2025_PM3D_NY_19_subplot_1,741880,NY-Jannink_2025_TM-3_PL-19.1,7/14/2025,3,19.1,Other,0
B4I_2025_PM3D_NY_19_subplot_2,741881,NY-Jannink_2025_TM-1_PL-741881,6/2/2025,1,741881,Oat,22.1
B4I_2025_PM3D_NY_19_subplot_2,741881,NY-Jannink_2025_TM-1_PL-741881,6/2/2025,1,741881,Pea,15.5
B4I_2025_PM3D_NY_19_subplot_2,741881,NY-Jannink_2025_TM-1_PL-741881,6/2/2025,1,741881,Other,0
B4I_2025_PM3D_NY_19_subplot_3,741882,NY-Jannink_2025_TM-2_PL-741882,6/24/2025,2,741882,Oat,245.6
B4I_2025_PM3D_NY_19_subplot_3,741882,NY-Jannink_2025_TM-2_PL-741882,6/24/2025,2,741882,Pea,54.7
B4I_2025_PM3D_NY_19_subplot_3,741882,NY-Jannink_2025_TM-2_PL-741882,6/24/2025,2,741882,Other,0.8
B4I_2025_PM3D_NY_20_subplot_1,741856,NY-Jannink_2025_TM-2_PL-741856,6/24/2025,2,741856,Oat,455.9
B4I_2025_PM3D_NY_20_subplot_1,741856,NY-Jannink_2025_TM-2_PL-741856,6/24/2025,2,741856,Pea,0
B4I_2025_PM3D_NY_20_subplot_1,741856,NY-Jannink_2025_TM-2_PL-741856,6/24/2025,2,741856,Other,0
B4I_2025_PM3D_NY_20_subplot_2,741857,NY-Jannink_2025_TM-3_PL-20.2,7/14/2025,3,20.2,Oat,397
B4I_2025_PM3D_NY_20_subplot_2,741857,NY-Jannink_2025_TM-3_PL-20.2,7/14/2025,3,20.2,Pea,0
B4I_2025_PM3D_NY_20_subplot_2,741857,NY-Jannink_2025_TM-3_PL-20.2,7/14/2025,3,20.2,Other,0
B4I_2025_PM3D_NY_20_subplot_3,741858,NY-Jannink_2025_TM-1_PL-741858,6/2/2025,1,741858,Oat,40.8
B4I_2025_PM3D_NY_20_subplot_3,741858,NY-Jannink_2025_TM-1_PL-741858,6/2/2025,1,741858,Pea,0
B4I_2025_PM3D_NY_20_subplot_3,741858,NY-Jannink_2025_TM-1_PL-741858,6/2/2025,1,741858,Other,0
B4I_2025_PM3D_ND_01_subplot_1,741823,ND-Berti_2025_TM-2_PL-1.1,7/9/2025,2,1.1,Oat,326.5
B4I_2025_PM3D_ND_01_subplot_1,741823,ND-Berti_2025_TM-2_PL-1.1,7/9/2025,2,1.1,Pea,0
B4I_2025_PM3D_ND_01_subplot_1,741823,ND-Berti_2025_TM-2_PL-1.1,7/9/2025,2,1.1,Other,4
B4I_2025_PM3D_ND_01_subplot_2,741824,ND-Berti_2025_TM-1_PL-1.2,6/18/2025,1,1.2,Oat,31.5
B4I_2025_PM3D_ND_01_subplot_2,741824,ND-Berti_2025_TM-1_PL-1.2,6/18/2025,1,1.2,Pea,0
B4I_2025_PM3D_ND_01_subplot_2,741824,ND-Berti_2025_TM-1_PL-1.2,6/18/2025,1,1.2,Other,1.5
B4I_2025_PM3D_ND_02_subplot_2,741827,ND-Berti_2025_TM-1_PL-2.2,6/18/2025,1,2.2,Oat,12
B4I_2025_PM3D_ND_02_subplot_2,741827,ND-Berti_2025_TM-1_PL-2.2,6/18/2025,1,2.2,Pea,6
B4I_2025_PM3D_ND_02_subplot_2,741827,ND-Berti_2025_TM-1_PL-2.2,6/18/2025,1,2.2,Other,2.1
B4I_2025_PM3D_ND_02_subplot_3,741828,ND-Berti_2025_TM-2_PL-2.3,7/9/2025,2,2.3,Oat,141.5
B4I_2025_PM3D_ND_02_subplot_3,741828,ND-Berti_2025_TM-2_PL-2.3,7/9/2025,2,2.3,Pea,61.5
B4I_2025_PM3D_ND_02_subplot_3,741828,ND-Berti_2025_TM-2_PL-2.3,7/9/2025,2,2.3,Other,72
B4I_2025_PM3D_ND_03_subplot_1,741796,ND-Berti_2025_TM-2_PL-3.1,7/9/2025,2,3.1,Oat,0
B4I_2025_PM3D_ND_03_subplot_1,741796,ND-Berti_2025_TM-2_PL-3.1,7/9/2025,2,3.1,Pea,132
B4I_2025_PM3D_ND_03_subplot_1,741796,ND-Berti_2025_TM-2_PL-3.1,7/9/2025,2,3.1,Other,43
B4I_2025_PM3D_ND_03_subplot_2,741797,ND-Berti_2025_TM-1_PL-3.2,6/18/2025,1,3.2,Oat,0
B4I_2025_PM3D_ND_03_subplot_2,741797,ND-Berti_2025_TM-1_PL-3.2,6/18/2025,1,3.2,Pea,23
B4I_2025_PM3D_ND_03_subplot_2,741797,ND-Berti_2025_TM-1_PL-3.2,6/18/2025,1,3.2,Other,3.6
B4I_2025_PM3D_ND_04_subplot_1,741805,ND-Berti_2025_TM-2_PL-4.1,7/9/2025,2,4.1,Oat,198.5
B4I_2025_PM3D_ND_04_subplot_1,741805,ND-Berti_2025_TM-2_PL-4.1,7/9/2025,2,4.1,Pea,48.5
B4I_2025_PM3D_ND_04_subplot_1,741805,ND-Berti_2025_TM-2_PL-4.1,7/9/2025,2,4.1,Other,93.5
B4I_2025_PM3D_ND_04_subplot_3,741807,ND-Berti_2025_TM-1_PL-4.3,6/18/2025,1,4.3,Oat,17
B4I_2025_PM3D_ND_04_subplot_3,741807,ND-Berti_2025_TM-1_PL-4.3,6/18/2025,1,4.3,Pea,11.5
B4I_2025_PM3D_ND_04_subplot_3,741807,ND-Berti_2025_TM-1_PL-4.3,6/18/2025,1,4.3,Other,2.81
B4I_2025_PM3D_ND_05_subplot_1,741802,ND-Berti_2025_TM-1_PL-5.1,6/18/2025,1,5.1,Oat,32.5
B4I_2025_PM3D_ND_05_subplot_1,741802,ND-Berti_2025_TM-1_PL-5.1,6/18/2025,1,5.1,Pea,0
B4I_2025_PM3D_ND_05_subplot_1,741802,ND-Berti_2025_TM-1_PL-5.1,6/18/2025,1,5.1,Other,1.64
B4I_2025_PM3D_ND_05_subplot_3,741804,ND-Berti_2025_TM-2_PL-5.3,7/9/2025,2,5.3,Oat,258
B4I_2025_PM3D_ND_05_subplot_3,741804,ND-Berti_2025_TM-2_PL-5.3,7/9/2025,2,5.3,Pea,0
B4I_2025_PM3D_ND_05_subplot_3,741804,ND-Berti_2025_TM-2_PL-5.3,7/9/2025,2,5.3,Other,73
B4I_2025_PM3D_ND_06_subplot_2,741809,ND-Berti_2025_TM-1_PL-6.2,6/18/2025,1,6.2,Oat,24.5
B4I_2025_PM3D_ND_06_subplot_2,741809,ND-Berti_2025_TM-1_PL-6.2,6/18/2025,1,6.2,Pea,20.5
B4I_2025_PM3D_ND_06_subplot_2,741809,ND-Berti_2025_TM-1_PL-6.2,6/18/2025,1,6.2,Other,1.09
B4I_2025_PM3D_ND_06_subplot_3,741810,ND-Berti_2025_TM-2_PL-6.3,7/9/2025,2,6.3,Oat,290.5
B4I_2025_PM3D_ND_06_subplot_3,741810,ND-Berti_2025_TM-2_PL-6.3,7/9/2025,2,6.3,Pea,43.5
B4I_2025_PM3D_ND_06_subplot_3,741810,ND-Berti_2025_TM-2_PL-6.3,7/9/2025,2,6.3,Other,15.5
B4I_2025_PM3D_ND_07_subplot_1,741838,ND-Berti_2025_TM-2_PL-7.1,7/9/2025,2,7.1,Oat,0
B4I_2025_PM3D_ND_07_subplot_1,741838,ND-Berti_2025_TM-2_PL-7.1,7/9/2025,2,7.1,Pea,167.5
B4I_2025_PM3D_ND_07_subplot_1,741838,ND-Berti_2025_TM-2_PL-7.1,7/9/2025,2,7.1,Other,39
B4I_2025_PM3D_ND_07_subplot_3,741840,ND-Berti_2025_TM-1_PL-7.3,6/18/2025,1,7.3,Oat,0
B4I_2025_PM3D_ND_07_subplot_3,741840,ND-Berti_2025_TM-1_PL-7.3,6/18/2025,1,7.3,Pea,21.5
B4I_2025_PM3D_ND_07_subplot_3,741840,ND-Berti_2025_TM-1_PL-7.3,6/18/2025,1,7.3,Other,0.3
B4I_2025_PM3D_ND_08_subplot_1,741853,ND-Berti_2025_TM-1_PL-8.1,6/18/2025,1,8.1,Oat,21
B4I_2025_PM3D_ND_08_subplot_1,741853,ND-Berti_2025_TM-1_PL-8.1,6/18/2025,1,8.1,Pea,14.5
B4I_2025_PM3D_ND_08_subplot_1,741853,ND-Berti_2025_TM-1_PL-8.1,6/18/2025,1,8.1,Other,0.5
B4I_2025_PM3D_ND_08_subplot_2,741854,ND-Berti_2025_TM-2_PL-8.2,7/9/2025,2,8.2,Oat,261.5
B4I_2025_PM3D_ND_08_subplot_2,741854,ND-Berti_2025_TM-2_PL-8.2,7/9/2025,2,8.2,Pea,97.5
B4I_2025_PM3D_ND_08_subplot_2,741854,ND-Berti_2025_TM-2_PL-8.2,7/9/2025,2,8.2,Other,0
B4I_2025_PM3D_ND_09_subplot_1,741835,ND-Berti_2025_TM-1_PL-9.1,6/18/2025,1,9.1,Oat,0
B4I_2025_PM3D_ND_09_subplot_1,741835,ND-Berti_2025_TM-1_PL-9.1,6/18/2025,1,9.1,Pea,0
B4I_2025_PM3D_ND_09_subplot_1,741835,ND-Berti_2025_TM-1_PL-9.1,6/18/2025,1,9.1,Other,0.5
B4I_2025_PM3D_ND_09_subplot_2,741836,ND-Berti_2025_TM-2_PL-9.2,7/9/2025,2,9.2,Oat,381
B4I_2025_PM3D_ND_09_subplot_2,741836,ND-Berti_2025_TM-2_PL-9.2,7/9/2025,2,9.2,Pea,0
B4I_2025_PM3D_ND_09_subplot_2,741836,ND-Berti_2025_TM-2_PL-9.2,7/9/2025,2,9.2,Other,0
B4I_2025_PM3D_ND_10_subplot_2,741821,ND-Berti_2025_TM-2_PL-10.2,7/9/2025,2,10.2,Oat,235.5
B4I_2025_PM3D_ND_10_subplot_2,741821,ND-Berti_2025_TM-2_PL-10.2,7/9/2025,2,10.2,Pea,82.5
B4I_2025_PM3D_ND_10_subplot_2,741821,ND-Berti_2025_TM-2_PL-10.2,7/9/2025,2,10.2,Other,0
B4I_2025_PM3D_ND_10_subplot_3,741822,ND-Berti_2025_TM-1_PL-10.3,6/18/2025,1,10.3,Oat,11.5
B4I_2025_PM3D_ND_10_subplot_3,741822,ND-Berti_2025_TM-1_PL-10.3,6/18/2025,1,10.3,Pea,16
B4I_2025_PM3D_ND_10_subplot_3,741822,ND-Berti_2025_TM-1_PL-10.3,6/18/2025,1,10.3,Other,0
B4I_2025_PM3D_ND_11_subplot_1,741799,ND-Berti_2025_TM-2_PL-11.1,7/9/2025,2,11.1,Oat,323.5
B4I_2025_PM3D_ND_11_subplot_1,741799,ND-Berti_2025_TM-2_PL-11.1,7/9/2025,2,11.1,Pea,0
B4I_2025_PM3D_ND_11_subplot_1,741799,ND-Berti_2025_TM-2_PL-11.1,7/9/2025,2,11.1,Other,8
B4I_2025_PM3D_ND_11_subplot_2,741800,ND-Berti_2025_TM-1_PL-11.2,6/18/2025,1,11.2,Oat,67.5
B4I_2025_PM3D_ND_11_subplot_2,741800,ND-Berti_2025_TM-1_PL-11.2,6/18/2025,1,11.2,Pea,0
B4I_2025_PM3D_ND_11_subplot_2,741800,ND-Berti_2025_TM-1_PL-11.2,6/18/2025,1,11.2,Other,1.39
B4I_2025_PM3D_ND_12_subplot_1,741811,ND-Berti_2025_TM-2_PL-12.1,7/9/2025,2,12.1,Oat,289.5
B4I_2025_PM3D_ND_12_subplot_1,741811,ND-Berti_2025_TM-2_PL-12.1,7/9/2025,2,12.1,Pea,46.5
B4I_2025_PM3D_ND_12_subplot_1,741811,ND-Berti_2025_TM-2_PL-12.1,7/9/2025,2,12.1,Other,12.5
B4I_2025_PM3D_ND_12_subplot_2,741812,ND-Berti_2025_TM-1_PL-12.2,6/18/2025,1,12.2,Oat,25.5
B4I_2025_PM3D_ND_12_subplot_2,741812,ND-Berti_2025_TM-1_PL-12.2,6/18/2025,1,12.2,Pea,13.5
B4I_2025_PM3D_ND_12_subplot_2,741812,ND-Berti_2025_TM-1_PL-12.2,6/18/2025,1,12.2,Other,5.83
B4I_2025_PM3D_ND_13_subplot_1,741847,ND-Berti_2025_TM-2_PL-13.1,7/9/2025,2,13.1,Oat,0
B4I_2025_PM3D_ND_13_subplot_1,741847,ND-Berti_2025_TM-2_PL-13.1,7/9/2025,2,13.1,Pea,199
B4I_2025_PM3D_ND_13_subplot_1,741847,ND-Berti_2025_TM-2_PL-13.1,7/9/2025,2,13.1,Other,37.5
B4I_2025_PM3D_ND_13_subplot_2,741848,ND-Berti_2025_TM-1_PL-13.2,6/18/2025,1,13.2,Oat,0
B4I_2025_PM3D_ND_13_subplot_2,741848,ND-Berti_2025_TM-1_PL-13.2,6/18/2025,1,13.2,Pea,22
B4I_2025_PM3D_ND_13_subplot_2,741848,ND-Berti_2025_TM-1_PL-13.2,6/18/2025,1,13.2,Other,14.67
B4I_2025_PM3D_ND_14_subplot_1,741832,ND-Berti_2025_TM-2_PL-14.1,7/9/2025,2,14.1,Oat,163.5
B4I_2025_PM3D_ND_14_subplot_1,741832,ND-Berti_2025_TM-2_PL-14.1,7/9/2025,2,14.1,Pea,152.5
B4I_2025_PM3D_ND_14_subplot_1,741832,ND-Berti_2025_TM-2_PL-14.1,7/9/2025,2,14.1,Other,11.5
B4I_2025_PM3D_ND_14_subplot_2,741833,ND-Berti_2025_TM-1_PL-14.2,6/18/2025,1,14.2,Oat,31.5
B4I_2025_PM3D_ND_14_subplot_2,741833,ND-Berti_2025_TM-1_PL-14.2,6/18/2025,1,14.2,Pea,19
B4I_2025_PM3D_ND_14_subplot_2,741833,ND-Berti_2025_TM-1_PL-14.2,6/18/2025,1,14.2,Other,0.96
B4I_2025_PM3D_ND_15_subplot_1,741844,ND-Berti_2025_TM-1_PL-15.1,6/18/2025,1,15.1,Oat,37
B4I_2025_PM3D_ND_15_subplot_1,741844,ND-Berti_2025_TM-1_PL-15.1,6/18/2025,1,15.1,Pea,0
B4I_2025_PM3D_ND_15_subplot_1,741844,ND-Berti_2025_TM-1_PL-15.1,6/18/2025,1,15.1,Other,0.5
B4I_2025_PM3D_ND_15_subplot_3,741846,ND-Berti_2025_TM-2_PL-15.3,7/9/2025,2,15.3,Oat,347.5
B4I_2025_PM3D_ND_15_subplot_3,741846,ND-Berti_2025_TM-2_PL-15.3,7/9/2025,2,15.3,Pea,0
B4I_2025_PM3D_ND_15_subplot_3,741846,ND-Berti_2025_TM-2_PL-15.3,7/9/2025,2,15.3,Other,0
B4I_2025_PM3D_ND_16_subplot_1,741817,ND-Berti_2025_TM-2_PL-16.1,7/9/2025,2,16.1,Oat,257.5
B4I_2025_PM3D_ND_16_subplot_1,741817,ND-Berti_2025_TM-2_PL-16.1,7/9/2025,2,16.1,Pea,64
B4I_2025_PM3D_ND_16_subplot_1,741817,ND-Berti_2025_TM-2_PL-16.1,7/9/2025,2,16.1,Other,3.5
B4I_2025_PM3D_ND_16_subplot_2,741818,ND-Berti_2025_TM-1_PL-16.2,6/18/2025,1,16.2,Oat,17.5
B4I_2025_PM3D_ND_16_subplot_2,741818,ND-Berti_2025_TM-1_PL-16.2,6/18/2025,1,16.2,Pea,17
B4I_2025_PM3D_ND_16_subplot_2,741818,ND-Berti_2025_TM-1_PL-16.2,6/18/2025,1,16.2,Other,1
B4I_2025_PM3D_ND_17_subplot_2,741842,ND-Berti_2025_TM-1_PL-17.2,6/18/2025,1,17.2,Oat,0
B4I_2025_PM3D_ND_17_subplot_2,741842,ND-Berti_2025_TM-1_PL-17.2,6/18/2025,1,17.2,Pea,29
B4I_2025_PM3D_ND_17_subplot_2,741842,ND-Berti_2025_TM-1_PL-17.2,6/18/2025,1,17.2,Other,5.9
B4I_2025_PM3D_ND_17_subplot_3,741843,ND-Berti_2025_TM-2_PL-17.3,7/9/2025,2,17.3,Oat,0
B4I_2025_PM3D_ND_17_subplot_3,741843,ND-Berti_2025_TM-2_PL-17.3,7/9/2025,2,17.3,Pea,246.5
B4I_2025_PM3D_ND_17_subplot_3,741843,ND-Berti_2025_TM-2_PL-17.3,7/9/2025,2,17.3,Other,26.5
B4I_2025_PM3D_ND_18_subplot_2,741815,ND-Berti_2025_TM-1_PL-18.2,6/18/2025,1,18.2,Oat,12
B4I_2025_PM3D_ND_18_subplot_2,741815,ND-Berti_2025_TM-1_PL-18.2,6/18/2025,1,18.2,Pea,15
B4I_2025_PM3D_ND_18_subplot_2,741815,ND-Berti_2025_TM-1_PL-18.2,6/18/2025,1,18.2,Other,5.5
B4I_2025_PM3D_ND_18_subplot_3,741816,ND-Berti_2025_TM-2_PL-18.3,7/9/2025,2,18.3,Oat,231.5
B4I_2025_PM3D_ND_18_subplot_3,741816,ND-Berti_2025_TM-2_PL-18.3,7/9/2025,2,18.3,Pea,117
B4I_2025_PM3D_ND_18_subplot_3,741816,ND-Berti_2025_TM-2_PL-18.3,7/9/2025,2,18.3,Other,7.5
B4I_2025_PM3D_ND_19_subplot_1,741850,ND-Berti_2025_TM-2_PL-19.1,7/9/2025,2,19.1,Oat,0
B4I_2025_PM3D_ND_19_subplot_1,741850,ND-Berti_2025_TM-2_PL-19.1,7/9/2025,2,19.1,Pea,210
B4I_2025_PM3D_ND_19_subplot_1,741850,ND-Berti_2025_TM-2_PL-19.1,7/9/2025,2,19.1,Other,57
B4I_2025_PM3D_ND_19_subplot_2,741851,ND-Berti_2025_TM-1_PL-19.2,6/18/2025,1,19.2,Oat,0
B4I_2025_PM3D_ND_19_subplot_2,741851,ND-Berti_2025_TM-1_PL-19.2,6/18/2025,1,19.2,Pea,24.5
B4I_2025_PM3D_ND_19_subplot_2,741851,ND-Berti_2025_TM-1_PL-19.2,6/18/2025,1,19.2,Other,14.84
B4I_2025_PM3D_ND_20_subplot_1,741829,ND-Berti_2025_TM-2_PL-20.1,7/9/2025,2,20.1,Oat,315
B4I_2025_PM3D_ND_20_subplot_1,741829,ND-Berti_2025_TM-2_PL-20.1,7/9/2025,2,20.1,Pea,77.5
B4I_2025_PM3D_ND_20_subplot_1,741829,ND-Berti_2025_TM-2_PL-20.1,7/9/2025,2,20.1,Other,25
B4I_2025_PM3D_ND_20_subplot_2,741830,ND-Berti_2025_TM-1_PL-20.2,6/18/2025,1,20.2,Oat,24
B4I_2025_PM3D_ND_20_subplot_2,741830,ND-Berti_2025_TM-1_PL-20.2,6/18/2025,1,20.2,Pea,8
B4I_2025_PM3D_ND_20_subplot_2,741830,ND-Berti_2025_TM-1_PL-20.2,6/18/2025,1,20.2,Other,9.78
B4I_2025_PM3D_AL_401_subplot_1,738026,AL-Wolfe_2025_TM-1_PL-AUOatPea401.1,3/4/2025,1,AUOatPea401.1,Oat,48.35
B4I_2025_PM3D_AL_401_subplot_1,738026,AL-Wolfe_2025_TM-1_PL-AUOatPea401.1,3/4/2025,1,AUOatPea401.1,Pea,0
B4I_2025_PM3D_AL_401_subplot_1,738026,AL-Wolfe_2025_TM-1_PL-AUOatPea401.1,3/4/2025,1,AUOatPea401.1,Other,0
B4I_2025_PM3D_AL_401_subplot_2,738027,AL-Wolfe_2025_TM-2_PL-20EXTRAPLOTS_401.2,5/12/2025,2,20EXTRAPLOTS_401.2,Oat,169.5
B4I_2025_PM3D_AL_401_subplot_2,738027,AL-Wolfe_2025_TM-2_PL-20EXTRAPLOTS_401.2,5/12/2025,2,20EXTRAPLOTS_401.2,Pea,0
B4I_2025_PM3D_AL_401_subplot_2,738027,AL-Wolfe_2025_TM-2_PL-20EXTRAPLOTS_401.2,5/12/2025,2,20EXTRAPLOTS_401.2,Other,0
B4I_2025_PM3D_AL_402_subplot_2,738030,AL-Wolfe_2025_TM-2_PL-20EXTRAPLOTS_402.2,5/12/2025,2,20EXTRAPLOTS_402.2,Oat,112.2
B4I_2025_PM3D_AL_402_subplot_2,738030,AL-Wolfe_2025_TM-2_PL-20EXTRAPLOTS_402.2,5/12/2025,2,20EXTRAPLOTS_402.2,Pea,78.95
B4I_2025_PM3D_AL_402_subplot_2,738030,AL-Wolfe_2025_TM-2_PL-20EXTRAPLOTS_402.2,5/12/2025,2,20EXTRAPLOTS_402.2,Other,0
B4I_2025_PM3D_AL_402_subplot_3,738031,AL-Wolfe_2025_TM-1_PL-AUOatPea402.3,3/4/2025,1,AUOatPea402.3,Oat,23
B4I_2025_PM3D_AL_402_subplot_3,738031,AL-Wolfe_2025_TM-1_PL-AUOatPea402.3,3/4/2025,1,AUOatPea402.3,Pea,28.2
B4I_2025_PM3D_AL_402_subplot_3,738031,AL-Wolfe_2025_TM-1_PL-AUOatPea402.3,3/4/2025,1,AUOatPea402.3,Other,0
B4I_2025_PM3D_AL_403_subplot_1,738011,AL-Wolfe_2025_TM-2_PL-20EXTRAPLOTS_403.1,5/12/2025,2,20EXTRAPLOTS_403.1,Oat,138.1
B4I_2025_PM3D_AL_403_subplot_1,738011,AL-Wolfe_2025_TM-2_PL-20EXTRAPLOTS_403.1,5/12/2025,2,20EXTRAPLOTS_403.1,Pea,0
B4I_2025_PM3D_AL_403_subplot_1,738011,AL-Wolfe_2025_TM-2_PL-20EXTRAPLOTS_403.1,5/12/2025,2,20EXTRAPLOTS_403.1,Other,0
B4I_2025_PM3D_AL_403_subplot_2,738012,AL-Wolfe_2025_TM-1_PL-AUOatPea403.2,3/4/2025,1,AUOatPea403.2,Oat,39.3
B4I_2025_PM3D_AL_403_subplot_2,738012,AL-Wolfe_2025_TM-1_PL-AUOatPea403.2,3/4/2025,1,AUOatPea403.2,Pea,0
B4I_2025_PM3D_AL_403_subplot_2,738012,AL-Wolfe_2025_TM-1_PL-AUOatPea403.2,3/4/2025,1,AUOatPea403.2,Other,0
B4I_2025_PM3D_AL_404_subplot_2,738021,AL-Wolfe_2025_TM-2_PL-20EXTRAPLOTS_404.2,5/12/2025,2,20EXTRAPLOTS_404.2,Oat,0
B4I_2025_PM3D_AL_404_subplot_2,738021,AL-Wolfe_2025_TM-2_PL-20EXTRAPLOTS_404.2,5/12/2025,2,20EXTRAPLOTS_404.2,Pea,321.7
B4I_2025_PM3D_AL_404_subplot_2,738021,AL-Wolfe_2025_TM-2_PL-20EXTRAPLOTS_404.2,5/12/2025,2,20EXTRAPLOTS_404.2,Other,0
B4I_2025_PM3D_AL_404_subplot_3,738022,AL-Wolfe_2025_TM-1_PL-AUOatPea404.3,3/4/2025,1,AUOatPea404.3,Oat,0
B4I_2025_PM3D_AL_404_subplot_3,738022,AL-Wolfe_2025_TM-1_PL-AUOatPea404.3,3/4/2025,1,AUOatPea404.3,Pea,63.8
B4I_2025_PM3D_AL_404_subplot_3,738022,AL-Wolfe_2025_TM-1_PL-AUOatPea404.3,3/4/2025,1,AUOatPea404.3,Other,0
B4I_2025_PM3D_AL_405_subplot_2,738006,AL-Wolfe_2025_TM-2_PL-20EXTRAPLOTS_405.2,5/12/2025,2,20EXTRAPLOTS_405.2,Oat,139
B4I_2025_PM3D_AL_405_subplot_2,738006,AL-Wolfe_2025_TM-2_PL-20EXTRAPLOTS_405.2,5/12/2025,2,20EXTRAPLOTS_405.2,Pea,54.85
B4I_2025_PM3D_AL_405_subplot_2,738006,AL-Wolfe_2025_TM-2_PL-20EXTRAPLOTS_405.2,5/12/2025,2,20EXTRAPLOTS_405.2,Other,0
B4I_2025_PM3D_AL_405_subplot_3,738007,AL-Wolfe_2025_TM-1_PL-AUOatPea405.3,3/4/2025,1,AUOatPea405.3,Oat,43.95
B4I_2025_PM3D_AL_405_subplot_3,738007,AL-Wolfe_2025_TM-1_PL-AUOatPea405.3,3/4/2025,1,AUOatPea405.3,Pea,9.5
B4I_2025_PM3D_AL_405_subplot_3,738007,AL-Wolfe_2025_TM-1_PL-AUOatPea405.3,3/4/2025,1,AUOatPea405.3,Other,0
B4I_2025_PM3D_AL_406_subplot_1,738032,AL-Wolfe_2025_TM-2_PL-20EXTRAPLOTS_406.1,5/12/2025,2,20EXTRAPLOTS_406.1,Oat,133.95
B4I_2025_PM3D_AL_406_subplot_1,738032,AL-Wolfe_2025_TM-2_PL-20EXTRAPLOTS_406.1,5/12/2025,2,20EXTRAPLOTS_406.1,Pea,83.8
B4I_2025_PM3D_AL_406_subplot_1,738032,AL-Wolfe_2025_TM-2_PL-20EXTRAPLOTS_406.1,5/12/2025,2,20EXTRAPLOTS_406.1,Other,0
B4I_2025_PM3D_AL_406_subplot_2,738033,AL-Wolfe_2025_TM-1_PL-AUOatPea406.2,3/4/2025,1,AUOatPea406.2,Oat,44.5
B4I_2025_PM3D_AL_406_subplot_2,738033,AL-Wolfe_2025_TM-1_PL-AUOatPea406.2,3/4/2025,1,AUOatPea406.2,Pea,16.1
B4I_2025_PM3D_AL_406_subplot_2,738033,AL-Wolfe_2025_TM-1_PL-AUOatPea406.2,3/4/2025,1,AUOatPea406.2,Other,0
B4I_2025_PM3D_AL_407_subplot_1,738014,AL-Wolfe_2025_TM-1_PL-AUOatPea407.1,3/4/2025,1,AUOatPea407.1,Oat,37.45
B4I_2025_PM3D_AL_407_subplot_1,738014,AL-Wolfe_2025_TM-1_PL-AUOatPea407.1,3/4/2025,1,AUOatPea407.1,Pea,20
B4I_2025_PM3D_AL_407_subplot_1,738014,AL-Wolfe_2025_TM-1_PL-AUOatPea407.1,3/4/2025,1,AUOatPea407.1,Other,0
B4I_2025_PM3D_AL_407_subplot_3,738016,AL-Wolfe_2025_TM-2_PL-20EXTRAPLOTS_407.3,5/12/2025,2,20EXTRAPLOTS_407.3,Oat,125.6
B4I_2025_PM3D_AL_407_subplot_3,738016,AL-Wolfe_2025_TM-2_PL-20EXTRAPLOTS_407.3,5/12/2025,2,20EXTRAPLOTS_407.3,Pea,74.25
B4I_2025_PM3D_AL_407_subplot_3,738016,AL-Wolfe_2025_TM-2_PL-20EXTRAPLOTS_407.3,5/12/2025,2,20EXTRAPLOTS_407.3,Other,0
B4I_2025_PM3D_AL_408_subplot_1,738002,AL-Wolfe_2025_TM-1_PL-AUOatPea408.1,3/4/2025,1,AUOatPea408.1,Oat,0
B4I_2025_PM3D_AL_408_subplot_1,738002,AL-Wolfe_2025_TM-1_PL-AUOatPea408.1,3/4/2025,1,AUOatPea408.1,Pea,41.05
B4I_2025_PM3D_AL_408_subplot_1,738002,AL-Wolfe_2025_TM-1_PL-AUOatPea408.1,3/4/2025,1,AUOatPea408.1,Other,0
B4I_2025_PM3D_AL_408_subplot_2,738003,AL-Wolfe_2025_TM-2_PL-20EXTRAPLOTS_408.2,5/12/2025,2,20EXTRAPLOTS_408.2,Oat,0
B4I_2025_PM3D_AL_408_subplot_2,738003,AL-Wolfe_2025_TM-2_PL-20EXTRAPLOTS_408.2,5/12/2025,2,20EXTRAPLOTS_408.2,Pea,212.9
B4I_2025_PM3D_AL_408_subplot_2,738003,AL-Wolfe_2025_TM-2_PL-20EXTRAPLOTS_408.2,5/12/2025,2,20EXTRAPLOTS_408.2,Other,0
B4I_2025_PM3D_AL_409_subplot_1,738017,AL-Wolfe_2025_TM-2_PL-20EXTRAPLOTS_409.1,5/12/2025,2,20EXTRAPLOTS_409.1,Oat,137.85
B4I_2025_PM3D_AL_409_subplot_1,738017,AL-Wolfe_2025_TM-2_PL-20EXTRAPLOTS_409.1,5/12/2025,2,20EXTRAPLOTS_409.1,Pea,58.65
B4I_2025_PM3D_AL_409_subplot_1,738017,AL-Wolfe_2025_TM-2_PL-20EXTRAPLOTS_409.1,5/12/2025,2,20EXTRAPLOTS_409.1,Other,0
B4I_2025_PM3D_AL_409_subplot_2,738018,AL-Wolfe_2025_TM-1_PL-AUOatPea409.2,3/4/2025,1,AUOatPea409.2,Oat,56.1
B4I_2025_PM3D_AL_409_subplot_2,738018,AL-Wolfe_2025_TM-1_PL-AUOatPea409.2,3/4/2025,1,AUOatPea409.2,Pea,8.65
B4I_2025_PM3D_AL_409_subplot_2,738018,AL-Wolfe_2025_TM-1_PL-AUOatPea409.2,3/4/2025,1,AUOatPea409.2,Other,0
B4I_2025_PM3D_AL_410_subplot_1,738047,AL-Wolfe_2025_TM-1_PL-AUOatPea410.1,3/4/2025,1,AUOatPea410.1,Oat,34.4
B4I_2025_PM3D_AL_410_subplot_1,738047,AL-Wolfe_2025_TM-1_PL-AUOatPea410.1,3/4/2025,1,AUOatPea410.1,Pea,10.25
B4I_2025_PM3D_AL_410_subplot_1,738047,AL-Wolfe_2025_TM-1_PL-AUOatPea410.1,3/4/2025,1,AUOatPea410.1,Other,0
B4I_2025_PM3D_AL_410_subplot_2,738048,AL-Wolfe_2025_TM-2_PL-20EXTRAPLOTS_410.2,5/12/2025,2,20EXTRAPLOTS_410.2,Oat,87.8
B4I_2025_PM3D_AL_410_subplot_2,738048,AL-Wolfe_2025_TM-2_PL-20EXTRAPLOTS_410.2,5/12/2025,2,20EXTRAPLOTS_410.2,Pea,67.55
B4I_2025_PM3D_AL_410_subplot_2,738048,AL-Wolfe_2025_TM-2_PL-20EXTRAPLOTS_410.2,5/12/2025,2,20EXTRAPLOTS_410.2,Other,0
B4I_2025_PM3D_AL_411_subplot_1,737999,AL-Wolfe_2025_TM-2_PL-20EXTRAPLOTS_411.1,5/12/2025,2,20EXTRAPLOTS_411.1,Oat,0
B4I_2025_PM3D_AL_411_subplot_1,737999,AL-Wolfe_2025_TM-2_PL-20EXTRAPLOTS_411.1,5/12/2025,2,20EXTRAPLOTS_411.1,Pea,137.55
B4I_2025_PM3D_AL_411_subplot_1,737999,AL-Wolfe_2025_TM-2_PL-20EXTRAPLOTS_411.1,5/12/2025,2,20EXTRAPLOTS_411.1,Other,0
B4I_2025_PM3D_AL_411_subplot_3,738001,AL-Wolfe_2025_TM-1_PL-AUOatPea411.3,3/4/2025,1,AUOatPea411.3,Oat,0
B4I_2025_PM3D_AL_411_subplot_3,738001,AL-Wolfe_2025_TM-1_PL-AUOatPea411.3,3/4/2025,1,AUOatPea411.3,Pea,23.45
B4I_2025_PM3D_AL_411_subplot_3,738001,AL-Wolfe_2025_TM-1_PL-AUOatPea411.3,3/4/2025,1,AUOatPea411.3,Other,0
B4I_2025_PM3D_AL_412_subplot_1,737996,AL-Wolfe_2025_TM-2_PL-20EXTRAPLOTS_412.1,5/12/2025,2,20EXTRAPLOTS_412.1,Oat,181.8
B4I_2025_PM3D_AL_412_subplot_1,737996,AL-Wolfe_2025_TM-2_PL-20EXTRAPLOTS_412.1,5/12/2025,2,20EXTRAPLOTS_412.1,Pea,0
B4I_2025_PM3D_AL_412_subplot_1,737996,AL-Wolfe_2025_TM-2_PL-20EXTRAPLOTS_412.1,5/12/2025,2,20EXTRAPLOTS_412.1,Other,0
B4I_2025_PM3D_AL_412_subplot_2,737997,AL-Wolfe_2025_TM-1_PL-AUOatPea412.2,3/4/2025,1,AUOatPea412.2,Oat,57
B4I_2025_PM3D_AL_412_subplot_2,737997,AL-Wolfe_2025_TM-1_PL-AUOatPea412.2,3/4/2025,1,AUOatPea412.2,Pea,0
B4I_2025_PM3D_AL_412_subplot_2,737997,AL-Wolfe_2025_TM-1_PL-AUOatPea412.2,3/4/2025,1,AUOatPea412.2,Other,0
B4I_2025_PM3D_AL_413_subplot_2,738045,AL-Wolfe_2025_TM-2_PL-20EXTRAPLOTS_413.2,5/12/2025,2,20EXTRAPLOTS_413.2,Oat,112.75
B4I_2025_PM3D_AL_413_subplot_2,738045,AL-Wolfe_2025_TM-2_PL-20EXTRAPLOTS_413.2,5/12/2025,2,20EXTRAPLOTS_413.2,Pea,70.1
B4I_2025_PM3D_AL_413_subplot_2,738045,AL-Wolfe_2025_TM-2_PL-20EXTRAPLOTS_413.2,5/12/2025,2,20EXTRAPLOTS_413.2,Other,0
B4I_2025_PM3D_AL_413_subplot_3,738046,AL-Wolfe_2025_TM-1_PL-AUOatPea413.3,3/4/2025,1,AUOatPea413.3,Oat,43.7
B4I_2025_PM3D_AL_413_subplot_3,738046,AL-Wolfe_2025_TM-1_PL-AUOatPea413.3,3/4/2025,1,AUOatPea413.3,Pea,11.7
B4I_2025_PM3D_AL_413_subplot_3,738046,AL-Wolfe_2025_TM-1_PL-AUOatPea413.3,3/4/2025,1,AUOatPea413.3,Other,0
B4I_2025_PM3D_AL_414_subplot_1,738050,AL-Wolfe_2025_TM-2_PL-20EXTRAPLOTS_414.1,5/12/2025,2,20EXTRAPLOTS_414.1,Oat,112.85
B4I_2025_PM3D_AL_414_subplot_1,738050,AL-Wolfe_2025_TM-2_PL-20EXTRAPLOTS_414.1,5/12/2025,2,20EXTRAPLOTS_414.1,Pea,16.4
B4I_2025_PM3D_AL_414_subplot_1,738050,AL-Wolfe_2025_TM-2_PL-20EXTRAPLOTS_414.1,5/12/2025,2,20EXTRAPLOTS_414.1,Other,0
B4I_2025_PM3D_AL_414_subplot_3,738052,AL-Wolfe_2025_TM-1_PL-AUOatPea414.3,3/4/2025,1,AUOatPea414.3,Oat,41.35
B4I_2025_PM3D_AL_414_subplot_3,738052,AL-Wolfe_2025_TM-1_PL-AUOatPea414.3,3/4/2025,1,AUOatPea414.3,Pea,4.3
B4I_2025_PM3D_AL_414_subplot_3,738052,AL-Wolfe_2025_TM-1_PL-AUOatPea414.3,3/4/2025,1,AUOatPea414.3,Other,0
B4I_2025_PM3D_AL_415_subplot_2,738036,AL-Wolfe_2025_TM-1_PL-AUOatPea415.2,3/4/2025,1,AUOatPea415.2,Oat,34.7
B4I_2025_PM3D_AL_415_subplot_2,738036,AL-Wolfe_2025_TM-1_PL-AUOatPea415.2,3/4/2025,1,AUOatPea415.2,Pea,0
B4I_2025_PM3D_AL_415_subplot_2,738036,AL-Wolfe_2025_TM-1_PL-AUOatPea415.2,3/4/2025,1,AUOatPea415.2,Other,0
B4I_2025_PM3D_AL_415_subplot_3,738037,AL-Wolfe_2025_TM-2_PL-20EXTRAPLOTS_415.3,5/12/2025,2,20EXTRAPLOTS_415.3,Oat,117.45
B4I_2025_PM3D_AL_415_subplot_3,738037,AL-Wolfe_2025_TM-2_PL-20EXTRAPLOTS_415.3,5/12/2025,2,20EXTRAPLOTS_415.3,Pea,0
B4I_2025_PM3D_AL_415_subplot_3,738037,AL-Wolfe_2025_TM-2_PL-20EXTRAPLOTS_415.3,5/12/2025,2,20EXTRAPLOTS_415.3,Other,0
B4I_2025_PM3D_AL_416_subplot_1,738008,AL-Wolfe_2025_TM-2_PL-20EXTRAPLOTS_416.1,5/12/2025,2,20EXTRAPLOTS_416.1,Oat,0
B4I_2025_PM3D_AL_416_subplot_1,738008,AL-Wolfe_2025_TM-2_PL-20EXTRAPLOTS_416.1,5/12/2025,2,20EXTRAPLOTS_416.1,Pea,216.7
B4I_2025_PM3D_AL_416_subplot_1,738008,AL-Wolfe_2025_TM-2_PL-20EXTRAPLOTS_416.1,5/12/2025,2,20EXTRAPLOTS_416.1,Other,0
B4I_2025_PM3D_AL_416_subplot_2,738009,AL-Wolfe_2025_TM-1_PL-AUOatPea416.2,3/4/2025,1,AUOatPea416.2,Oat,0
B4I_2025_PM3D_AL_416_subplot_2,738009,AL-Wolfe_2025_TM-1_PL-AUOatPea416.2,3/4/2025,1,AUOatPea416.2,Pea,54.3
B4I_2025_PM3D_AL_416_subplot_2,738009,AL-Wolfe_2025_TM-1_PL-AUOatPea416.2,3/4/2025,1,AUOatPea416.2,Other,0
B4I_2025_PM3D_AL_417_subplot_2,738042,AL-Wolfe_2025_TM-2_PL-20EXTRAPLOTS_417.2,5/12/2025,2,20EXTRAPLOTS_417.2,Oat,133.75
B4I_2025_PM3D_AL_417_subplot_2,738042,AL-Wolfe_2025_TM-2_PL-20EXTRAPLOTS_417.2,5/12/2025,2,20EXTRAPLOTS_417.2,Pea,66.95
B4I_2025_PM3D_AL_417_subplot_2,738042,AL-Wolfe_2025_TM-2_PL-20EXTRAPLOTS_417.2,5/12/2025,2,20EXTRAPLOTS_417.2,Other,0
B4I_2025_PM3D_AL_417_subplot_3,738043,AL-Wolfe_2025_TM-1_PL-AUOatPea417.1,3/4/2025,1,AUOatPea417.1,Oat,41.75
B4I_2025_PM3D_AL_417_subplot_3,738043,AL-Wolfe_2025_TM-1_PL-AUOatPea417.1,3/4/2025,1,AUOatPea417.1,Pea,9.7
B4I_2025_PM3D_AL_417_subplot_3,738043,AL-Wolfe_2025_TM-1_PL-AUOatPea417.1,3/4/2025,1,AUOatPea417.1,Other,0
B4I_2025_PM3D_AL_418_subplot_2,738024,AL-Wolfe_2025_TM-1_PL-AUOatPea417.3,3/4/2025,1,AUOatPea417.3,Oat,48.75
B4I_2025_PM3D_AL_418_subplot_2,738024,AL-Wolfe_2025_TM-1_PL-AUOatPea417.3,3/4/2025,1,AUOatPea417.3,Pea,0
B4I_2025_PM3D_AL_418_subplot_2,738024,AL-Wolfe_2025_TM-1_PL-AUOatPea417.3,3/4/2025,1,AUOatPea417.3,Other,0
B4I_2025_PM3D_AL_418_subplot_3,738025,AL-Wolfe_2025_TM-2_PL-20EXTRAPLOTS_418.3,5/12/2025,2,20EXTRAPLOTS_418.3,Oat,125.45
B4I_2025_PM3D_AL_418_subplot_3,738025,AL-Wolfe_2025_TM-2_PL-20EXTRAPLOTS_418.3,5/12/2025,2,20EXTRAPLOTS_418.3,Pea,0
B4I_2025_PM3D_AL_418_subplot_3,738025,AL-Wolfe_2025_TM-2_PL-20EXTRAPLOTS_418.3,5/12/2025,2,20EXTRAPLOTS_418.3,Other,0
B4I_2025_PM3D_AL_419_subplot_1,738053,AL-Wolfe_2025_TM-1_PL-AUOatPea419.1,3/4/2025,1,AUOatPea419.1,Oat,46.35
B4I_2025_PM3D_AL_419_subplot_1,738053,AL-Wolfe_2025_TM-1_PL-AUOatPea419.1,3/4/2025,1,AUOatPea419.1,Pea,8.5
B4I_2025_PM3D_AL_419_subplot_1,738053,AL-Wolfe_2025_TM-1_PL-AUOatPea419.1,3/4/2025,1,AUOatPea419.1,Other,0
B4I_2025_PM3D_AL_419_subplot_2,738054,AL-Wolfe_2025_TM-2_PL-20EXTRAPLOTS_419.2,5/12/2025,2,20EXTRAPLOTS_419.2,Oat,147.25
B4I_2025_PM3D_AL_419_subplot_2,738054,AL-Wolfe_2025_TM-2_PL-20EXTRAPLOTS_419.2,5/12/2025,2,20EXTRAPLOTS_419.2,Pea,24.7
B4I_2025_PM3D_AL_419_subplot_2,738054,AL-Wolfe_2025_TM-2_PL-20EXTRAPLOTS_419.2,5/12/2025,2,20EXTRAPLOTS_419.2,Other,0
B4I_2025_PM3D_AL_420_subplot_2,738039,AL-Wolfe_2025_TM-2_PL-20EXTRAPLOTS_420.2,5/12/2025,2,20EXTRAPLOTS_420.2,Oat,0
B4I_2025_PM3D_AL_420_subplot_2,738039,AL-Wolfe_2025_TM-2_PL-20EXTRAPLOTS_420.2,5/12/2025,2,20EXTRAPLOTS_420.2,Pea,135.7
B4I_2025_PM3D_AL_420_subplot_2,738039,AL-Wolfe_2025_TM-2_PL-20EXTRAPLOTS_420.2,5/12/2025,2,20EXTRAPLOTS_420.2,Other,0
B4I_2025_PM3D_AL_420_subplot_3,738040,AL-Wolfe_2025_TM-1_PL-AUOatPea420.3,3/4/2025,1,AUOatPea420.3,Oat,0
B4I_2025_PM3D_AL_420_subplot_3,738040,AL-Wolfe_2025_TM-1_PL-AUOatPea420.3,3/4/2025,1,AUOatPea420.3,Pea,18.95
B4I_2025_PM3D_AL_420_subplot_3,738040,AL-Wolfe_2025_TM-1_PL-AUOatPea420.3,3/4/2025,1,AUOatPea420.3,Other,0
B4I_2025_PM3D_IA_01_subplot_1,741712,IA-Corteva_2025_TM-3_PL-1.1,6/26/2025,3,1.1,Oat,0
B4I_2025_PM3D_IA_01_subplot_1,741712,IA-Corteva_2025_TM-3_PL-1.1,6/26/2025,3,1.1,Pea,164.27
B4I_2025_PM3D_IA_01_subplot_1,741712,IA-Corteva_2025_TM-3_PL-1.1,6/26/2025,3,1.1,Other,0
B4I_2025_PM3D_IA_01_subplot_2,741713,IA-Corteva_2025_TM-1_PL-1.2,5/15/2025,1,1.2,Oat,0
B4I_2025_PM3D_IA_01_subplot_2,741713,IA-Corteva_2025_TM-1_PL-1.2,5/15/2025,1,1.2,Pea,35.57
B4I_2025_PM3D_IA_01_subplot_2,741713,IA-Corteva_2025_TM-1_PL-1.2,5/15/2025,1,1.2,Other,0
B4I_2025_PM3D_IA_01_subplot_3,741714,IA-Corteva_2025_TM-2_PL-1.3,6/6/2025,2,1.3,Oat,0
B4I_2025_PM3D_IA_01_subplot_3,741714,IA-Corteva_2025_TM-2_PL-1.3,6/6/2025,2,1.3,Pea,140.36
B4I_2025_PM3D_IA_01_subplot_3,741714,IA-Corteva_2025_TM-2_PL-1.3,6/6/2025,2,1.3,Other,0
B4I_2025_PM3D_IA_02_subplot_1,741688,IA-Corteva_2025_TM-1_PL-2.1,5/15/2025,1,2.1,Oat,2.16
B4I_2025_PM3D_IA_02_subplot_1,741688,IA-Corteva_2025_TM-1_PL-2.1,5/15/2025,1,2.1,Pea,25.75
B4I_2025_PM3D_IA_02_subplot_1,741688,IA-Corteva_2025_TM-1_PL-2.1,5/15/2025,1,2.1,Other,0
B4I_2025_PM3D_IA_02_subplot_2,741689,IA-Corteva_2025_TM-3_PL-2.2,6/26/2025,3,2.2,Oat,67.8
B4I_2025_PM3D_IA_02_subplot_2,741689,IA-Corteva_2025_TM-3_PL-2.2,6/26/2025,3,2.2,Pea,199.87
B4I_2025_PM3D_IA_02_subplot_2,741689,IA-Corteva_2025_TM-3_PL-2.2,6/26/2025,3,2.2,Other,0
B4I_2025_PM3D_IA_02_subplot_3,741690,IA-Corteva_2025_TM-2_PL-2.3,6/6/2025,2,2.3,Oat,4.85
B4I_2025_PM3D_IA_02_subplot_3,741690,IA-Corteva_2025_TM-2_PL-2.3,6/6/2025,2,2.3,Pea,81.59
B4I_2025_PM3D_IA_02_subplot_3,741690,IA-Corteva_2025_TM-2_PL-2.3,6/6/2025,2,2.3,Other,0
B4I_2025_PM3D_IA_03_subplot_1,741724,IA-Corteva_2025_TM-1_PL-3.1,5/15/2025,1,3.1,Oat,0
B4I_2025_PM3D_IA_03_subplot_1,741724,IA-Corteva_2025_TM-1_PL-3.1,5/15/2025,1,3.1,Pea,31.79
B4I_2025_PM3D_IA_03_subplot_1,741724,IA-Corteva_2025_TM-1_PL-3.1,5/15/2025,1,3.1,Other,0
B4I_2025_PM3D_IA_03_subplot_2,741725,IA-Corteva_2025_TM-3_PL-3.2,6/26/2025,3,3.2,Oat,0
B4I_2025_PM3D_IA_03_subplot_2,741725,IA-Corteva_2025_TM-3_PL-3.2,6/26/2025,3,3.2,Pea,237.31
B4I_2025_PM3D_IA_03_subplot_2,741725,IA-Corteva_2025_TM-3_PL-3.2,6/26/2025,3,3.2,Other,0
B4I_2025_PM3D_IA_03_subplot_3,741726,IA-Corteva_2025_TM-2_PL-3.3,6/6/2025,2,3.3,Oat,0
B4I_2025_PM3D_IA_03_subplot_3,741726,IA-Corteva_2025_TM-2_PL-3.3,6/6/2025,2,3.3,Pea,94.93
B4I_2025_PM3D_IA_03_subplot_3,741726,IA-Corteva_2025_TM-2_PL-3.3,6/6/2025,2,3.3,Other,0
B4I_2025_PM3D_IA_04_subplot_1,741733,IA-Corteva_2025_TM-2_PL-4.1,6/6/2025,2,4.1,Oat,0
B4I_2025_PM3D_IA_04_subplot_1,741733,IA-Corteva_2025_TM-2_PL-4.1,6/6/2025,2,4.1,Pea,129.88
B4I_2025_PM3D_IA_04_subplot_1,741733,IA-Corteva_2025_TM-2_PL-4.1,6/6/2025,2,4.1,Other,0
B4I_2025_PM3D_IA_04_subplot_2,741734,IA-Corteva_2025_TM-1_PL-4.2,5/15/2025,1,4.2,Oat,0
B4I_2025_PM3D_IA_04_subplot_2,741734,IA-Corteva_2025_TM-1_PL-4.2,5/15/2025,1,4.2,Pea,20.53
B4I_2025_PM3D_IA_04_subplot_2,741734,IA-Corteva_2025_TM-1_PL-4.2,5/15/2025,1,4.2,Other,0
B4I_2025_PM3D_IA_04_subplot_3,741735,IA-Corteva_2025_TM-3_PL-4.3,6/26/2025,3,4.3,Oat,0
B4I_2025_PM3D_IA_04_subplot_3,741735,IA-Corteva_2025_TM-3_PL-4.3,6/26/2025,3,4.3,Pea,234.64
B4I_2025_PM3D_IA_04_subplot_3,741735,IA-Corteva_2025_TM-3_PL-4.3,6/26/2025,3,4.3,Other,0
B4I_2025_PM3D_IA_05_subplot_1,741718,IA-Corteva_2025_TM-2_PL-5.1,6/6/2025,2,5.1,Oat,78.36
B4I_2025_PM3D_IA_05_subplot_1,741718,IA-Corteva_2025_TM-2_PL-5.1,6/6/2025,2,5.1,Pea,98.6
B4I_2025_PM3D_IA_05_subplot_1,741718,IA-Corteva_2025_TM-2_PL-5.1,6/6/2025,2,5.1,Other,0
B4I_2025_PM3D_IA_05_subplot_2,741719,IA-Corteva_2025_TM-3_PL-5.2,6/26/2025,3,5.2,Oat,169.54
B4I_2025_PM3D_IA_05_subplot_2,741719,IA-Corteva_2025_TM-3_PL-5.2,6/26/2025,3,5.2,Pea,130.66
B4I_2025_PM3D_IA_05_subplot_2,741719,IA-Corteva_2025_TM-3_PL-5.2,6/26/2025,3,5.2,Other,0
B4I_2025_PM3D_IA_05_subplot_3,741720,IA-Corteva_2025_TM-1_PL-5.3,5/15/2025,1,5.3,Oat,3.61
B4I_2025_PM3D_IA_05_subplot_3,741720,IA-Corteva_2025_TM-1_PL-5.3,5/15/2025,1,5.3,Pea,11.58
B4I_2025_PM3D_IA_05_subplot_3,741720,IA-Corteva_2025_TM-1_PL-5.3,5/15/2025,1,5.3,Other,0
B4I_2025_PM3D_IA_06_subplot_1,741727,IA-Corteva_2025_TM-1_PL-6.1,5/15/2025,1,6.1,Oat,1.1
B4I_2025_PM3D_IA_06_subplot_1,741727,IA-Corteva_2025_TM-1_PL-6.1,5/15/2025,1,6.1,Pea,20.23
B4I_2025_PM3D_IA_06_subplot_1,741727,IA-Corteva_2025_TM-1_PL-6.1,5/15/2025,1,6.1,Other,0
B4I_2025_PM3D_IA_06_subplot_2,741728,IA-Corteva_2025_TM-3_PL-6.2,6/26/2025,3,6.2,Oat,77.76
B4I_2025_PM3D_IA_06_subplot_2,741728,IA-Corteva_2025_TM-3_PL-6.2,6/26/2025,3,6.2,Pea,251.93
B4I_2025_PM3D_IA_06_subplot_2,741728,IA-Corteva_2025_TM-3_PL-6.2,6/26/2025,3,6.2,Other,0
B4I_2025_PM3D_IA_06_subplot_3,741729,IA-Corteva_2025_TM-2_PL-6.3,6/6/2025,2,6.3,Oat,43.06
B4I_2025_PM3D_IA_06_subplot_3,741729,IA-Corteva_2025_TM-2_PL-6.3,6/6/2025,2,6.3,Pea,100.65
B4I_2025_PM3D_IA_06_subplot_3,741729,IA-Corteva_2025_TM-2_PL-6.3,6/6/2025,2,6.3,Other,0
B4I_2025_PM3D_IA_07_subplot_1,741700,IA-Corteva_2025_TM-2_PL-7.1,6/6/2025,2,7.1,Oat,153.78
B4I_2025_PM3D_IA_07_subplot_1,741700,IA-Corteva_2025_TM-2_PL-7.1,6/6/2025,2,7.1,Pea,0
B4I_2025_PM3D_IA_07_subplot_1,741700,IA-Corteva_2025_TM-2_PL-7.1,6/6/2025,2,7.1,Other,0
B4I_2025_PM3D_IA_07_subplot_2,741701,IA-Corteva_2025_TM-3_PL-7.2,6/26/2025,3,7.2,Oat,380.45
B4I_2025_PM3D_IA_07_subplot_2,741701,IA-Corteva_2025_TM-3_PL-7.2,6/26/2025,3,7.2,Pea,0
B4I_2025_PM3D_IA_07_subplot_2,741701,IA-Corteva_2025_TM-3_PL-7.2,6/26/2025,3,7.2,Other,0
B4I_2025_PM3D_IA_07_subplot_3,741702,IA-Corteva_2025_TM-1_PL-7.3,5/15/2025,1,7.3,Oat,6.38
B4I_2025_PM3D_IA_07_subplot_3,741702,IA-Corteva_2025_TM-1_PL-7.3,5/15/2025,1,7.3,Pea,0
B4I_2025_PM3D_IA_07_subplot_3,741702,IA-Corteva_2025_TM-1_PL-7.3,5/15/2025,1,7.3,Other,0
B4I_2025_PM3D_IA_08_subplot_1,741682,IA-Corteva_2025_TM-3_PL-8.1,6/26/2025,3,8.1,Oat,8.82
B4I_2025_PM3D_IA_08_subplot_1,741682,IA-Corteva_2025_TM-3_PL-8.1,6/26/2025,3,8.1,Pea,231.69
B4I_2025_PM3D_IA_08_subplot_1,741682,IA-Corteva_2025_TM-3_PL-8.1,6/26/2025,3,8.1,Other,0
B4I_2025_PM3D_IA_08_subplot_2,741683,IA-Corteva_2025_TM-1_PL-8.2,5/15/2025,1,8.2,Oat,1.69
B4I_2025_PM3D_IA_08_subplot_2,741683,IA-Corteva_2025_TM-1_PL-8.2,5/15/2025,1,8.2,Pea,27.18
B4I_2025_PM3D_IA_08_subplot_2,741683,IA-Corteva_2025_TM-1_PL-8.2,5/15/2025,1,8.2,Other,0
B4I_2025_PM3D_IA_08_subplot_3,741684,IA-Corteva_2025_TM-2_PL-8.3,6/6/2025,2,8.3,Oat,5
B4I_2025_PM3D_IA_08_subplot_3,741684,IA-Corteva_2025_TM-2_PL-8.3,6/6/2025,2,8.3,Pea,130.33
B4I_2025_PM3D_IA_08_subplot_3,741684,IA-Corteva_2025_TM-2_PL-8.3,6/6/2025,2,8.3,Other,0
B4I_2025_PM3D_IA_09_subplot_1,741697,IA-Corteva_2025_TM-2_PL-9.1,6/6/2025,2,9.1,Oat,174.86
B4I_2025_PM3D_IA_09_subplot_1,741697,IA-Corteva_2025_TM-2_PL-9.1,6/6/2025,2,9.1,Pea,0
B4I_2025_PM3D_IA_09_subplot_1,741697,IA-Corteva_2025_TM-2_PL-9.1,6/6/2025,2,9.1,Other,0
B4I_2025_PM3D_IA_09_subplot_2,741698,IA-Corteva_2025_TM-1_PL-9.2,5/15/2025,1,9.2,Oat,10.75
B4I_2025_PM3D_IA_09_subplot_2,741698,IA-Corteva_2025_TM-1_PL-9.2,5/15/2025,1,9.2,Pea,0
B4I_2025_PM3D_IA_09_subplot_2,741698,IA-Corteva_2025_TM-1_PL-9.2,5/15/2025,1,9.2,Other,0
B4I_2025_PM3D_IA_09_subplot_3,741699,IA-Corteva_2025_TM-3_PL-9.3,6/26/2025,3,9.3,Oat,78.52
B4I_2025_PM3D_IA_09_subplot_3,741699,IA-Corteva_2025_TM-3_PL-9.3,6/26/2025,3,9.3,Pea,0
B4I_2025_PM3D_IA_09_subplot_3,741699,IA-Corteva_2025_TM-3_PL-9.3,6/26/2025,3,9.3,Other,0
B4I_2025_PM3D_IA_10_subplot_1,741709,IA-Corteva_2025_TM-1_PL-10.1,5/15/2025,1,10.1,Oat,7.36
B4I_2025_PM3D_IA_10_subplot_1,741709,IA-Corteva_2025_TM-1_PL-10.1,5/15/2025,1,10.1,Pea,31.7
B4I_2025_PM3D_IA_10_subplot_1,741709,IA-Corteva_2025_TM-1_PL-10.1,5/15/2025,1,10.1,Other,0
B4I_2025_PM3D_IA_10_subplot_2,741710,IA-Corteva_2025_TM-2_PL-10.2,6/6/2025,2,10.2,Oat,40.51
B4I_2025_PM3D_IA_10_subplot_2,741710,IA-Corteva_2025_TM-2_PL-10.2,6/6/2025,2,10.2,Pea,200.6
B4I_2025_PM3D_IA_10_subplot_2,741710,IA-Corteva_2025_TM-2_PL-10.2,6/6/2025,2,10.2,Other,0
B4I_2025_PM3D_IA_10_subplot_3,741711,IA-Corteva_2025_TM-3_PL-10.3,6/26/2025,3,10.3,Oat,206.44
B4I_2025_PM3D_IA_10_subplot_3,741711,IA-Corteva_2025_TM-3_PL-10.3,6/26/2025,3,10.3,Pea,154.16
B4I_2025_PM3D_IA_10_subplot_3,741711,IA-Corteva_2025_TM-3_PL-10.3,6/26/2025,3,10.3,Other,0
B4I_2025_PM3D_IA_11_subplot_1,741721,IA-Corteva_2025_TM-3_PL-11.1,6/26/2025,3,11.1,Oat,180.4
B4I_2025_PM3D_IA_11_subplot_1,741721,IA-Corteva_2025_TM-3_PL-11.1,6/26/2025,3,11.1,Pea,150.21
B4I_2025_PM3D_IA_11_subplot_1,741721,IA-Corteva_2025_TM-3_PL-11.1,6/26/2025,3,11.1,Other,0
B4I_2025_PM3D_IA_11_subplot_2,741722,IA-Corteva_2025_TM-1_PL-11.2,5/15/2025,1,11.2,Oat,29.51
B4I_2025_PM3D_IA_11_subplot_2,741722,IA-Corteva_2025_TM-1_PL-11.2,5/15/2025,1,11.2,Pea,33.59
B4I_2025_PM3D_IA_11_subplot_2,741722,IA-Corteva_2025_TM-1_PL-11.2,5/15/2025,1,11.2,Other,0
B4I_2025_PM3D_IA_11_subplot_3,741723,IA-Corteva_2025_TM-2_PL-11.3,6/6/2025,2,11.3,Oat,58.86
B4I_2025_PM3D_IA_11_subplot_3,741723,IA-Corteva_2025_TM-2_PL-11.3,6/6/2025,2,11.3,Pea,134.6
B4I_2025_PM3D_IA_11_subplot_3,741723,IA-Corteva_2025_TM-2_PL-11.3,6/6/2025,2,11.3,Other,0
B4I_2025_PM3D_IA_12_subplot_1,741730,IA-Corteva_2025_TM-2_PL-12.1,6/6/2025,2,12.1,Oat,0
B4I_2025_PM3D_IA_12_subplot_1,741730,IA-Corteva_2025_TM-2_PL-12.1,6/6/2025,2,12.1,Pea,101.67
B4I_2025_PM3D_IA_12_subplot_1,741730,IA-Corteva_2025_TM-2_PL-12.1,6/6/2025,2,12.1,Other,0
B4I_2025_PM3D_IA_12_subplot_2,741731,IA-Corteva_2025_TM-3_PL-12.2,6/26/2025,3,12.2,Oat,0
B4I_2025_PM3D_IA_12_subplot_2,741731,IA-Corteva_2025_TM-3_PL-12.2,6/26/2025,3,12.2,Pea,366.33
B4I_2025_PM3D_IA_12_subplot_2,741731,IA-Corteva_2025_TM-3_PL-12.2,6/26/2025,3,12.2,Other,0
B4I_2025_PM3D_IA_12_subplot_3,741732,IA-Corteva_2025_TM-1_PL-12.3,5/15/2025,1,12.3,Oat,0
B4I_2025_PM3D_IA_12_subplot_3,741732,IA-Corteva_2025_TM-1_PL-12.3,5/15/2025,1,12.3,Pea,48.17
B4I_2025_PM3D_IA_12_subplot_3,741732,IA-Corteva_2025_TM-1_PL-12.3,5/15/2025,1,12.3,Other,0
B4I_2025_PM3D_IA_13_subplot_1,741679,IA-Corteva_2025_TM-1_PL-13.1,5/15/2025,1,13.1,Oat,34.62
B4I_2025_PM3D_IA_13_subplot_1,741679,IA-Corteva_2025_TM-1_PL-13.1,5/15/2025,1,13.1,Pea,0
B4I_2025_PM3D_IA_13_subplot_1,741679,IA-Corteva_2025_TM-1_PL-13.1,5/15/2025,1,13.1,Other,0
B4I_2025_PM3D_IA_13_subplot_2,741680,IA-Corteva_2025_TM-2_PL-13.2,6/6/2025,2,13.2,Oat,151.5
B4I_2025_PM3D_IA_13_subplot_2,741680,IA-Corteva_2025_TM-2_PL-13.2,6/6/2025,2,13.2,Pea,0
B4I_2025_PM3D_IA_13_subplot_2,741680,IA-Corteva_2025_TM-2_PL-13.2,6/6/2025,2,13.2,Other,0
B4I_2025_PM3D_IA_13_subplot_3,741681,IA-Corteva_2025_TM-3_PL-13.3,6/26/2025,3,13.3,Oat,401.96
B4I_2025_PM3D_IA_13_subplot_3,741681,IA-Corteva_2025_TM-3_PL-13.3,6/26/2025,3,13.3,Pea,0
B4I_2025_PM3D_IA_13_subplot_3,741681,IA-Corteva_2025_TM-3_PL-13.3,6/26/2025,3,13.3,Other,0
B4I_2025_PM3D_IA_14_subplot_1,741685,IA-Corteva_2025_TM-1_PL-14.1,5/15/2025,1,14.1,Oat,11.26
B4I_2025_PM3D_IA_14_subplot_1,741685,IA-Corteva_2025_TM-1_PL-14.1,5/15/2025,1,14.1,Pea,31.31
B4I_2025_PM3D_IA_14_subplot_1,741685,IA-Corteva_2025_TM-1_PL-14.1,5/15/2025,1,14.1,Other,0
B4I_2025_PM3D_IA_14_subplot_2,741686,IA-Corteva_2025_TM-3_PL-14.2,6/26/2025,3,14.2,Oat,1.15
B4I_2025_PM3D_IA_14_subplot_2,741686,IA-Corteva_2025_TM-3_PL-14.2,6/26/2025,3,14.2,Pea,419.39
B4I_2025_PM3D_IA_14_subplot_2,741686,IA-Corteva_2025_TM-3_PL-14.2,6/26/2025,3,14.2,Other,0
B4I_2025_PM3D_IA_14_subplot_3,741687,IA-Corteva_2025_TM-2_PL-14.3,6/6/2025,2,14.3,Oat,0.68
B4I_2025_PM3D_IA_14_subplot_3,741687,IA-Corteva_2025_TM-2_PL-14.3,6/6/2025,2,14.3,Pea,78.49
B4I_2025_PM3D_IA_14_subplot_3,741687,IA-Corteva_2025_TM-2_PL-14.3,6/6/2025,2,14.3,Other,0
B4I_2025_PM3D_IA_15_subplot_1,741694,IA-Corteva_2025_TM-1_PL-15.1,5/15/2025,1,15.1,Oat,26.2
B4I_2025_PM3D_IA_15_subplot_1,741694,IA-Corteva_2025_TM-1_PL-15.1,5/15/2025,1,15.1,Pea,0
B4I_2025_PM3D_IA_15_subplot_1,741694,IA-Corteva_2025_TM-1_PL-15.1,5/15/2025,1,15.1,Other,0
B4I_2025_PM3D_IA_15_subplot_2,741695,IA-Corteva_2025_TM-3_PL-15.2,6/26/2025,3,15.2,Oat,444.77
B4I_2025_PM3D_IA_15_subplot_2,741695,IA-Corteva_2025_TM-3_PL-15.2,6/26/2025,3,15.2,Pea,0
B4I_2025_PM3D_IA_15_subplot_2,741695,IA-Corteva_2025_TM-3_PL-15.2,6/26/2025,3,15.2,Other,0
B4I_2025_PM3D_IA_15_subplot_3,741696,IA-Corteva_2025_TM-2_PL-15.3,6/6/2025,2,15.3,Oat,111.24
B4I_2025_PM3D_IA_15_subplot_3,741696,IA-Corteva_2025_TM-2_PL-15.3,6/6/2025,2,15.3,Pea,0
B4I_2025_PM3D_IA_15_subplot_3,741696,IA-Corteva_2025_TM-2_PL-15.3,6/6/2025,2,15.3,Other,0
B4I_2025_PM3D_IA_16_subplot_1,741715,IA-Corteva_2025_TM-1_PL-16.1,5/15/2025,1,16.1,Oat,12.68
B4I_2025_PM3D_IA_16_subplot_1,741715,IA-Corteva_2025_TM-1_PL-16.1,5/15/2025,1,16.1,Pea,29.02
B4I_2025_PM3D_IA_16_subplot_1,741715,IA-Corteva_2025_TM-1_PL-16.1,5/15/2025,1,16.1,Other,0
B4I_2025_PM3D_IA_16_subplot_2,741716,IA-Corteva_2025_TM-3_PL-16.2,6/26/2025,3,16.2,Oat,13.85
B4I_2025_PM3D_IA_16_subplot_2,741716,IA-Corteva_2025_TM-3_PL-16.2,6/26/2025,3,16.2,Pea,451.44
B4I_2025_PM3D_IA_16_subplot_2,741716,IA-Corteva_2025_TM-3_PL-16.2,6/26/2025,3,16.2,Other,0
B4I_2025_PM3D_IA_16_subplot_3,741717,IA-Corteva_2025_TM-2_PL-16.3,6/6/2025,2,16.3,Oat,14.35
B4I_2025_PM3D_IA_16_subplot_3,741717,IA-Corteva_2025_TM-2_PL-16.3,6/6/2025,2,16.3,Pea,93.87
B4I_2025_PM3D_IA_16_subplot_3,741717,IA-Corteva_2025_TM-2_PL-16.3,6/6/2025,2,16.3,Other,0
B4I_2025_PM3D_IA_17_subplot_1,741703,IA-Corteva_2025_TM-3_PL-17.1,6/26/2025,3,17.1,Oat,0
B4I_2025_PM3D_IA_17_subplot_1,741703,IA-Corteva_2025_TM-3_PL-17.1,6/26/2025,3,17.1,Pea,384.19
B4I_2025_PM3D_IA_17_subplot_1,741703,IA-Corteva_2025_TM-3_PL-17.1,6/26/2025,3,17.1,Other,0
B4I_2025_PM3D_IA_17_subplot_2,741704,IA-Corteva_2025_TM-1_PL-17.2,5/15/2025,1,17.2,Oat,0
B4I_2025_PM3D_IA_17_subplot_2,741704,IA-Corteva_2025_TM-1_PL-17.2,5/15/2025,1,17.2,Pea,37.14
B4I_2025_PM3D_IA_17_subplot_2,741704,IA-Corteva_2025_TM-1_PL-17.2,5/15/2025,1,17.2,Other,0
B4I_2025_PM3D_IA_17_subplot_3,741705,IA-Corteva_2025_TM-2_PL-17.3,6/6/2025,2,17.3,Oat,0
B4I_2025_PM3D_IA_17_subplot_3,741705,IA-Corteva_2025_TM-2_PL-17.3,6/6/2025,2,17.3,Pea,87.54
B4I_2025_PM3D_IA_17_subplot_3,741705,IA-Corteva_2025_TM-2_PL-17.3,6/6/2025,2,17.3,Other,0
B4I_2025_PM3D_IA_18_subplot_1,741706,IA-Corteva_2025_TM-2_PL-18.1,6/6/2025,2,18.1,Oat,20.8
B4I_2025_PM3D_IA_18_subplot_1,741706,IA-Corteva_2025_TM-2_PL-18.1,6/6/2025,2,18.1,Pea,184.43
B4I_2025_PM3D_IA_18_subplot_1,741706,IA-Corteva_2025_TM-2_PL-18.1,6/6/2025,2,18.1,Other,0
B4I_2025_PM3D_IA_18_subplot_2,741707,IA-Corteva_2025_TM-1_PL-18.2,5/15/2025,1,18.2,Oat,21.22
B4I_2025_PM3D_IA_18_subplot_2,741707,IA-Corteva_2025_TM-1_PL-18.2,5/15/2025,1,18.2,Pea,43.03
B4I_2025_PM3D_IA_18_subplot_2,741707,IA-Corteva_2025_TM-1_PL-18.2,5/15/2025,1,18.2,Other,0
B4I_2025_PM3D_IA_18_subplot_3,741708,IA-Corteva_2025_TM-3_PL-18.3,6/26/2025,3,18.3,Oat,79.16
B4I_2025_PM3D_IA_18_subplot_3,741708,IA-Corteva_2025_TM-3_PL-18.3,6/26/2025,3,18.3,Pea,375.01
B4I_2025_PM3D_IA_18_subplot_3,741708,IA-Corteva_2025_TM-3_PL-18.3,6/26/2025,3,18.3,Other,0
B4I_2025_PM3D_IA_19_subplot_1,741676,IA-Corteva_2025_TM-1_PL-19.1,5/15/2025,1,19.1,Oat,22.34
B4I_2025_PM3D_IA_19_subplot_1,741676,IA-Corteva_2025_TM-1_PL-19.1,5/15/2025,1,19.1,Pea,0
B4I_2025_PM3D_IA_19_subplot_1,741676,IA-Corteva_2025_TM-1_PL-19.1,5/15/2025,1,19.1,Other,0
B4I_2025_PM3D_IA_19_subplot_2,741677,IA-Corteva_2025_TM-3_PL-19.2,6/26/2025,3,19.2,Oat,371.93
B4I_2025_PM3D_IA_19_subplot_2,741677,IA-Corteva_2025_TM-3_PL-19.2,6/26/2025,3,19.2,Pea,0
B4I_2025_PM3D_IA_19_subplot_2,741677,IA-Corteva_2025_TM-3_PL-19.2,6/26/2025,3,19.2,Other,0
B4I_2025_PM3D_IA_19_subplot_3,741678,IA-Corteva_2025_TM-2_PL-19.3,6/6/2025,2,19.3,Oat,162.9
B4I_2025_PM3D_IA_19_subplot_3,741678,IA-Corteva_2025_TM-2_PL-19.3,6/6/2025,2,19.3,Pea,0
B4I_2025_PM3D_IA_19_subplot_3,741678,IA-Corteva_2025_TM-2_PL-19.3,6/6/2025,2,19.3,Other,0
B4I_2025_PM3D_IA_20_subplot_1,741691,IA-Corteva_2025_TM-1_PL-20.1,5/15/2025,1,20.1,Oat,21.84
B4I_2025_PM3D_IA_20_subplot_1,741691,IA-Corteva_2025_TM-1_PL-20.1,5/15/2025,1,20.1,Pea,37.21
B4I_2025_PM3D_IA_20_subplot_1,741691,IA-Corteva_2025_TM-1_PL-20.1,5/15/2025,1,20.1,Other,0
B4I_2025_PM3D_IA_20_subplot_2,741692,IA-Corteva_2025_TM-3_PL-20.2,6/26/2025,3,20.2,Oat,58.63
B4I_2025_PM3D_IA_20_subplot_2,741692,IA-Corteva_2025_TM-3_PL-20.2,6/26/2025,3,20.2,Pea,314.58
B4I_2025_PM3D_IA_20_subplot_2,741692,IA-Corteva_2025_TM-3_PL-20.2,6/26/2025,3,20.2,Other,0
B4I_2025_PM3D_IA_20_subplot_3,741693,IA-Corteva_2025_TM-2_PL-20.3,6/6/2025,2,20.3,Oat,29.26
B4I_2025_PM3D_IA_20_subplot_3,741693,IA-Corteva_2025_TM-2_PL-20.3,6/6/2025,2,20.3,Pea,155.63
B4I_2025_PM3D_IA_20_subplot_3,741693,IA-Corteva_2025_TM-2_PL-20.3,6/6/2025,2,20.3,Other,0
